/*
Navicat MySQL Data Transfer

Source Server         : localhost_3306
Source Server Version : 50051
Source Host           : localhost:3306
Source Database       : library

Target Server Type    : MYSQL
Target Server Version : 50051
File Encoding         : 65001

Date: 2018-07-29 15:18:45
*/

SET FOREIGN_KEY_CHECKS=0;

-- ----------------------------
-- Table structure for `bespoke`
-- ----------------------------
DROP TABLE IF EXISTS `bespoke`;
CREATE TABLE `bespoke` (
  `id` varchar(32) default NULL COMMENT '实验室使用预约',
  `userid` varchar(32) default NULL COMMENT '学生ID',
  `labid` varchar(128) default NULL COMMENT '实验题目',
  `type` varchar(32) default NULL COMMENT '基础，设计',
  `applytime` varchar(32) default NULL COMMENT '申请时间',
  `usertime` varchar(256) default NULL COMMENT '使用时间',
  `remarks` varchar(256) default NULL COMMENT '备注',
  `approveresult` varchar(32) default '未审批' COMMENT '同意/不同意',
  `approvetime` varchar(32) default NULL COMMENT '审批时间',
  `librid` varchar(32) default NULL
) ENGINE=InnoDB DEFAULT CHARSET=utf8;

-- ----------------------------
-- Records of bespoke
-- ----------------------------
INSERT INTO `bespoke` VALUES ('3b9c65a560504ef29d80ee87b4d666d0', 'e5493e9c1f6041948468b9916648ac30', '4a26616f3ec64a88aa7fcc2618443c1b', '基础', '2018-04-20 16:10:53', '2018年4月18', '', '未审批', null, '4d8a89b5d7ee4ae38096915268fadeed');
INSERT INTO `bespoke` VALUES ('4c3f98ed00e348218456218571e96e2d', 'ce51494957814c98a85831ce1150ab49', 'd303a04e309d49c08f764fb4be9d2226', '基础', '2018-04-20 16:20:13', '2018年4月15', '', '未审批', null, '4d8a89b5d7ee4ae38096915268fadeed');

-- ----------------------------
-- Table structure for `bespokemfr`
-- ----------------------------
DROP TABLE IF EXISTS `bespokemfr`;
CREATE TABLE `bespokemfr` (
  `id` varchar(32) default NULL,
  `bespokeid` varchar(32) default NULL COMMENT '实验ID',
  `mfrid` varchar(32) default NULL COMMENT '所需设备器材ID',
  `num` int(11) default NULL COMMENT '数量',
  `status` varchar(256) default NULL COMMENT '完好，损坏部分等等'
) ENGINE=InnoDB DEFAULT CHARSET=utf8;

-- ----------------------------
-- Records of bespokemfr
-- ----------------------------
INSERT INTO `bespokemfr` VALUES ('458ea0e578934fc2adfb5f9f179018ca', '3b9c65a560504ef29d80ee87b4d666d0', '32d101dbfb3548069122641200666e69', '5', null);
INSERT INTO `bespokemfr` VALUES ('919caedbb46646b4bae08616ed376419', '3b9c65a560504ef29d80ee87b4d666d0', '7d67ce16f09144829c9a66ec5c19dc98', '3', null);
INSERT INTO `bespokemfr` VALUES ('11eeeeea7cf748229bb9ff647a5ce00c', '4c3f98ed00e348218456218571e96e2d', '7d67ce16f09144829c9a66ec5c19dc98', '1', null);

-- ----------------------------
-- Table structure for `lab`
-- ----------------------------
DROP TABLE IF EXISTS `lab`;
CREATE TABLE `lab` (
  `id` varchar(32) NOT NULL,
  `title` varchar(256) default NULL,
  `time` varchar(128) default NULL,
  `content` longtext,
  PRIMARY KEY  (`id`)
) ENGINE=InnoDB DEFAULT CHARSET=utf8;

-- ----------------------------
-- Records of lab
-- ----------------------------
INSERT INTO `lab` VALUES ('4a26616f3ec64a88aa7fcc2618443c1b', '实验二 无机电解质的聚沉作用与高分子的絮凝作用', '2018年4月8~15号', '<p>	&nbsp;</p><p style=\"margin-top:0;margin-right:0;margin-bottom:0;margin-left:32px;margin-bottom:0;line-height:normal;text-autospace:none\"><span style=\"font-size: 16px;font-family: 黑体\">一.实验目的</span></p><p style=\"margin-top:0;margin-right:0;margin-bottom:0;margin-left:0;margin-bottom:0;line-height:9px;text-autospace:none\"><span style=\"font-size: 9px;font-family: 黑体\">&nbsp;</span></p><p style=\"margin-top:0;margin-right:0;margin-bottom:0;margin-left:59px;margin-bottom:0;line-height:normal;text-autospace:none\"><span style=\"font-size: 14px;font-family: 宋体\">1.</span><span style=\"font-size: 14px;font-family: 宋体\">掌握溶<span style=\"letter-spacing:-0\">胶</span>的聚沉原理与方法；</span></p><p style=\"margin-top:1px;margin-right:0;margin-bottom:0;margin-left:0;margin-bottom:0;line-height:10px;text-autospace:none\"><span style=\"font-size: 10px;font-family: 宋体\">&nbsp;</span></p><p style=\"margin-top:0;margin-right:0;margin-bottom:0;margin-left:60px;margin-bottom:0;line-height:normal;text-autospace:none\"><span style=\"font-size: 14px;font-family: 宋体\">2.</span><span style=\"font-size: 14px;font-family: 宋体\">验<span style=\"letter-spacing:-0\">证</span>电解质聚沉的符号和价数法则；</span></p><p style=\"margin-top:1px;margin-right:0;margin-bottom:0;margin-left:0;margin-bottom:0;line-height:10px;text-autospace:none\"><span style=\"font-size: 10px;font-family: 宋体\">&nbsp;</span></p><p style=\"margin-top:0;margin-right:0;margin-bottom:0;margin-left:60px;margin-bottom:0;line-height:normal;text-autospace:none\"><span style=\"font-size: 14px;font-family: 宋体\">3.</span><span style=\"font-size: 14px;font-family: 宋体\">了<span style=\"letter-spacing:-0\">解</span>水溶性高分子对溶胶的絮凝作用。</span></p><p style=\"margin-top:1px;margin-right:0;margin-bottom:0;margin-left:0;margin-bottom:0;line-height:13px;text-autospace:none\"><span style=\"font-size: 13px;font-family: 宋体\">&nbsp;</span></p><p style=\"margin-bottom:0;margin-bottom:0;line-height: 13px;text-autospace:none\"><span style=\"font-size: 13px;font-family: 宋体\">&nbsp;</span></p><p style=\"margin-bottom:0;margin-bottom:0;line-height: 13px;text-autospace:none\"><span style=\"font-size: 13px;font-family: 宋体\">&nbsp;</span></p><p style=\"margin-top:0;margin-right:0;margin-bottom:0;margin-left:32px;margin-bottom:0;line-height:normal;text-autospace:none\"><span style=\"font-size: 16px;font-family: 黑体\">二.实验原理</span></p><p style=\"margin-top:0;margin-right:0;margin-bottom:0;margin-left:0;margin-bottom:0;line-height:9px;text-autospace:none\"><span style=\"font-size: 9px;font-family: 黑体\">&nbsp;</span></p><p style=\"margin-top:0;margin-right:12px;margin-bottom: 0;margin-left:60px;margin-bottom:0;line-height: 150%;text-autospace:none\"><span style=\"font-size: 14px;line-height: 150%;font-family: 宋体\">1.</span><span style=\"font-size: 14px;line-height: 150%;font-family: 宋体\">无机电<span style=\"letter-spacing:-0\">解</span>质的聚沉作用 溶胶由于失去聚结稳定性进而失去动力稳定性的整个过程叫聚沉<span style=\"letter-spacing:-3px\">。</span>电<span style=\"letter-spacing:-0\">解</span>质可以使溶</span></p><p style=\"margin-top:3px;margin-right:11px;margin-bottom: 0;margin-left:32px;margin-bottom:0;line-height:150%;text-autospace:none\"><span style=\"font-size: 14px;line-height: 150%;font-family: 宋体\">胶发生聚沉<span style=\"letter-spacing:-1px\">。</span>原因是电解质能使溶胶的§电势下降<span style=\"letter-spacing: -1px\">，</span>且电解质的浓度越高§电势下降幅 度越大。当§电势下降至某一数值时，溶胶就会失去聚结稳定性，进而发生聚沉。</span></p><p style=\"margin-top:3px;margin-right:4px;margin-bottom: 0;margin-left:32px;margin-bottom:0;text-indent:28px;line-height: 150%;text-autospace:none\"><span style=\"font-size: 14px;line-height: 150%;font-family: 宋体\">不同电解质对溶胶有不同的聚沉能力<span style=\"letter-spacing:-5px\">，</span>常用聚沉值来表示<span style=\"letter-spacing:-5px\">。</span>聚沉值是指一定时间内， 能使溶胶发生明显聚沉的电解质的最低浓度<span style=\"letter-spacing:-1px\">。</span>聚沉值越大<span style=\"letter-spacing:-1px\">，</span>电解质对溶胶的聚沉能力越 小。</span></p><p style=\"margin-top:3px;margin-right:11px;margin-bottom: 0;margin-left:32px;margin-bottom:0;text-align:justify;text-justify: inter-ideograph;text-indent:28px;line-height:150%;text-autospace:none\"><span style=\"font-size: 14px;line-height: 150%;font-family: 宋体\">聚沉值的大小与电解质中与溶胶所带电荷符号相反的离子的价数有关<span style=\"letter-spacing:-2px\">。</span>这种相反符 <span style=\"letter-spacing:0\">号离子的价数越高，电解质的聚沉能力越大。叔采－哈迪</span><span style=\"letter-spacing:-0\">(</span><span style=\"letter-spacing:0\">S</span><span style=\"letter-spacing: -0\">c</span><span style=\"letter-spacing:0\">h</span><span style=\"letter-spacing:-0\">l</span><span style=\"letter-spacing:0\">Z</span><span style=\"letter-spacing: -0\">e</span><span style=\"letter-spacing:0\">-</span><span style=\"letter-spacing:-0\">-</span><span style=\"letter-spacing:0\">H</span><span style=\"letter-spacing: -0\">ar</span><span style=\"letter-spacing:0\">d</span><span style=\"letter-spacing:-0\">y</span><span style=\"letter-spacing:0\">)</span><span style=\"letter-spacing:0\">分别研</span><span style=\"letter-spacing:0\">究</span>了 电解质对不同溶胶的聚沉值，并归纳得出了聚沉离子的价数与聚沉值的关系：</span></p><p style=\"margin-top:3px;margin-right:138px;margin-bottom: 0;margin-left:60px;margin-bottom:0;text-indent:70px;line-height: 62px;text-autospace:none\"><span style=\"font-size: 14px;font-family: 宋体;letter-spacing: 0\">M</span><span style=\"font-size: 7px;font-family: 宋体;position: relative;top: -7px;letter-spacing: -0\">+</span><span style=\"font-size: 14px;font-family: 宋体;letter-spacing: 0\">:M</span><span style=\"font-size: 7px;font-family: 宋体;position: relative;top: -7px;letter-spacing: -0\">+</span><span style=\"font-size: 7px;font-family: 宋体;position: relative;top: -7px\">2</span><span style=\"font-size: 14px;font-family: 宋体;letter-spacing: -0\">:</span><span style=\"font-size: 14px;font-family: 宋体;letter-spacing: 0\">M</span><span style=\"font-size: 7px;font-family: 宋体;position: relative;top: -7px\">+<span style=\"letter-spacing:-0\">3</span></span><span style=\"font-size: 14px;font-family: 宋体\">＝（25<span style=\"letter-spacing:-0\">～</span>1<span style=\"letter-spacing: -0\">50</span><span style=\"letter-spacing:-7px\">）</span><span style=\"letter-spacing:-7px\">：</span><span style=\"letter-spacing:-0\">（</span><span style=\"letter-spacing:0\">0</span>.5～2<span style=\"letter-spacing:-7px\">）</span><span style=\"letter-spacing:-7px\">：</span>（<span style=\"letter-spacing: -0\">0</span>.<span style=\"letter-spacing:-0\">0</span>1～<span style=\"letter-spacing:-0\">0.</span><span style=\"letter-spacing:0\">1</span>） 这个规律称为叔采－哈迪规则。</span></p><p style=\"margin-top:0;margin-right:11px;margin-bottom:0;margin-left:60px;margin-bottom:0;line-height:150%;text-autospace:none\"><span style=\"font-size: 14px;line-height: 150%;font-family: 宋体\">2.</span><span style=\"font-size: 14px;line-height: 150%;font-family: 宋体\">相互聚<span style=\"letter-spacing:-0\">沉</span>现象 两种具有相反电荷的溶胶相互混合也能产生聚沉<span style=\"letter-spacing:-1px\">，</span>这种现象称为相互聚沉现象<span style=\"letter-spacing: -1px\">。</span>通</span></p><p style=\"margin-top:3px;margin-right:0;margin-bottom: 0;margin-left:32px;margin-bottom:0;line-height:normal;text-autospace:none\"><span style=\"font-size: 14px;font-family: 宋体\">常认为有两种作用机理。</span></p><p style=\"margin-top:1px;margin-right:0;margin-bottom:0;margin-left:0;margin-bottom:0;line-height:10px;text-autospace:none\"><span style=\"font-size: 10px;font-family: 宋体\">&nbsp;</span></p><p style=\"margin-top:0;margin-right:0;margin-bottom:0;margin-left:60px;margin-bottom:0;line-height:normal;text-autospace:none\"><span style=\"font-size: 14px;font-family: 宋体\">（1）电荷相反的两种胶粒电性中和；</span></p><p style=\"margin-top:1px;margin-right:0;margin-bottom:0;margin-left:0;margin-bottom:0;line-height:10px;text-autospace:none\"><span style=\"font-size: 10px;font-family: 宋体\">&nbsp;</span></p><p style=\"margin-top:0;margin-right:0;margin-bottom:0;margin-left:60px;margin-bottom:0;line-height:normal;text-autospace:none\"><span style=\"font-size: 14px;font-family: 宋体\">（2）一种溶胶是具有相反电荷溶胶的高价反离子。</span></p><p style=\"margin-top:0;margin-right:11px;margin-bottom:0;margin-left:60px;margin-bottom:0;line-height:31px;text-autospace:none\"><span style=\"font-size: 14px;font-family: 宋体\">3.</span><span style=\"font-size: 14px;font-family: 宋体\">高分子<span style=\"letter-spacing:-0\">的</span>絮凝作用 当高分子的浓度很低时<span style=\"letter-spacing: -1px\">，</span>高分子主要表现为对溶胶的絮凝作用<span style=\"letter-spacing:-1px\">。</span>絮凝作用是由于高</span><span style=\"text-align: justify; font-size: 14px; line-height: 150%; font-family: 宋体; letter-spacing: 0px;\">分子</span><span style=\"text-align: justify; font-size: 14px; line-height: 150%; font-family: 宋体; letter-spacing: 0px;\">对</span><span style=\"text-align: justify; font-size: 14px; line-height: 150%; font-family: 宋体; letter-spacing: 0px;\">溶</span><span style=\"text-align: justify; font-size: 14px; line-height: 150%; font-family: 宋体; letter-spacing: 0px;\">胶</span><span style=\"text-align: justify; font-size: 14px; line-height: 150%; font-family: 宋体; letter-spacing: 0px;\">胶粒</span><span style=\"text-align: justify; font-size: 14px; line-height: 150%; font-family: 宋体; letter-spacing: 0px;\">的</span><span style=\"text-align: justify; font-size: 14px; line-height: 150%; font-family: 宋体; letter-spacing: 0px;\">“</span><span style=\"text-align: justify; font-size: 14px; line-height: 150%; font-family: 宋体; letter-spacing: 0px;\">桥</span><span style=\"text-align: justify; font-size: 14px; line-height: 150%; font-family: 宋体; letter-spacing: 0px;\">联”</span><span style=\"text-align: justify; font-size: 14px; line-height: 150%; font-family: 宋体; letter-spacing: 0px;\">作</span><span style=\"text-align: justify; font-size: 14px; line-height: 150%; font-family: 宋体; letter-spacing: 0px;\">用</span><span style=\"text-align: justify; font-size: 14px; line-height: 150%; font-family: 宋体; letter-spacing: 0px;\">产</span><span style=\"text-align: justify; font-size: 14px; line-height: 150%; font-family: 宋体; letter-spacing: 0px;\">生的</span><span style=\"text-align: justify; font-size: 14px; line-height: 150%; font-family: 宋体; letter-spacing: -7px;\">。</span><span style=\"text-align: justify; font-size: 14px; line-height: 150%; font-family: 宋体; letter-spacing: 0px;\">“</span><span style=\"text-align: justify; font-size: 14px; line-height: 150%; font-family: 宋体; letter-spacing: 0px;\">桥</span><span style=\"text-align: justify; font-size: 14px; line-height: 150%; font-family: 宋体; letter-spacing: 0px;\">联</span><span style=\"text-align: justify; font-size: 14px; line-height: 150%; font-family: 宋体; letter-spacing: 0px;\">”理</span><span style=\"text-align: justify; font-size: 14px; line-height: 150%; font-family: 宋体; letter-spacing: 0px;\">论</span><span style=\"text-align: justify; font-size: 14px; line-height: 150%; font-family: 宋体; letter-spacing: 0px;\">认</span><span style=\"text-align: justify; font-size: 14px; line-height: 150%; font-family: 宋体; letter-spacing: 0px;\">为</span><span style=\"text-align: justify; font-size: 14px; line-height: 150%; font-family: 宋体; letter-spacing: 0px;\">：在</span><span style=\"text-align: justify; font-size: 14px; line-height: 150%; font-family: 宋体; letter-spacing: 0px;\">高</span><span style=\"text-align: justify; font-size: 14px; line-height: 150%; font-family: 宋体; letter-spacing: 0px;\">分</span><span style=\"text-align: justify; font-size: 14px; line-height: 150%; font-family: 宋体; letter-spacing: 0px;\">子</span><span style=\"text-align: justify; font-size: 14px; line-height: 150%; font-family: 宋体; letter-spacing: 0px;\">浓度</span><span style=\"text-align: justify; font-size: 14px; line-height: 150%; font-family: 宋体; letter-spacing: 0px;\">很</span><span style=\"text-align: justify; font-size: 14px; line-height: 150%; font-family: 宋体; letter-spacing: 0px;\">低</span><span style=\"text-align: justify; font-size: 14px; line-height: 150%; font-family: 宋体; letter-spacing: 0px;\">时</span><span style=\"text-align: justify; font-size: 14px; line-height: 150%; font-family: 宋体; letter-spacing: 0px;\">，高 </span><span style=\"text-align: justify; font-size: 14px; line-height: 150%; font-family: 宋体;\">分子的链可以同时吸附在几个胶体粒子上，通过“架桥”的方式将几个胶粒连在一起， 由于高分子链段的旋转和振动，将胶体粒子聚集在一起而产生沉降。</span></p><p style=\"margin-bottom:0;margin-bottom:0;line-height: 13px;text-autospace:none\"><span style=\"font-size: 13px;font-family: 宋体\">&nbsp;</span></p><p style=\"margin-top:1px;margin-right:0;margin-bottom:0;margin-left:0;margin-bottom:0;line-height:19px;text-autospace:none\"><span style=\"font-size: 19px;font-family: 宋体\">&nbsp;</span></p><p style=\"margin-top:0;margin-right:433px;margin-bottom: 0;margin-left:32px;margin-bottom:0;text-align:justify;text-justify: inter-ideograph;line-height:normal;text-autospace:none\"><span style=\"font-size: 16px;font-family: 黑体\">三.仪器和药品</span></p><p style=\"margin-top:0;margin-right:0;margin-bottom:0;margin-left:0;margin-bottom:0;line-height:9px;text-autospace:none\"><span style=\"font-size: 9px;font-family: 黑体\">&nbsp;</span></p><p style=\"margin-top:0;margin-right:0;margin-bottom:0;margin-left:64px;margin-bottom:0;line-height:normal;text-autospace:none\"><span style=\"font-size: 14px;font-family: 宋体\">1.</span><span style=\"font-size: 14px;font-family: 宋体\">仪器</span></p><p style=\"margin-top:1px;margin-right:0;margin-bottom:0;margin-left:0;margin-bottom:0;line-height:10px;text-autospace:none\"><span style=\"font-size: 10px;font-family: 宋体\">&nbsp;</span></p><p style=\"margin-top:0;margin-right:4px;margin-bottom:0;margin-left:32px;margin-bottom:0;text-align:justify;text-justify:inter-ideograph;text-indent:28px;line-height:150%;text-autospace:none\"><span style=\"font-size: 14px;line-height: 150%;font-family: 宋体\">722 </span><span style=\"font-size: 14px;line-height: 150%;font-family: 宋体\">分<span style=\"letter-spacing:-0\">光</span>光度计<span style=\"letter-spacing:-1px\">，</span>100mL 锥<span style=\"letter-spacing:-0\">形</span>瓶 6 个<span style=\"letter-spacing:-1px\">，</span><span style=\"letter-spacing:0\">1</span>0mL <span style=\"letter-spacing:-0\">微</span>量滴定管 3 支<span style=\"letter-spacing:-1px\">，</span><span style=\"letter-spacing:0\">5</span>mL<span style=\"letter-spacing:-1px\">、</span><span style=\"letter-spacing: -0\">1</span>0mL 移液管各 2 支，10mL <span style=\"letter-spacing:-0\">试</span>管 6 支<span style=\"letter-spacing:-0\">，</span>20mL 试管 4 支<span style=\"letter-spacing:-0\">，</span><span style=\"letter-spacing: 0\">5</span>0mL 具塞<span style=\"letter-spacing:-0\">量</span>筒 <span style=\"letter-spacing:-0\">1</span>0 个，50mL<span style=\"letter-spacing:-0\">、</span>100mL <span style=\"letter-spacing:-0\">烧</span>杯各 1 个。</span></p><p style=\"margin-top:3px;margin-right:0;margin-bottom: 0;margin-left:64px;margin-bottom:0;line-height:normal;text-autospace:none\"><span style=\"font-size: 14px;font-family: 宋体\">2.药品</span></p><p style=\"margin-top:1px;margin-right:0;margin-bottom:0;margin-left:0;margin-bottom:0;line-height:10px;text-autospace:none\"><span style=\"font-size: 10px;font-family: 宋体\">&nbsp;</span></p><p style=\"margin-top:0;margin-right:6px;margin-bottom: 0;margin-left:32px;margin-bottom:0;text-align:justify;text-justify: inter-ideograph;text-indent:28px;line-height:150%;text-autospace:none\"><span style=\"font-size: 14px;line-height: 150%;font-family: 宋体;position: relative;top: -1px;letter-spacing: 0\">0</span><span style=\"font-size: 14px;line-height: 150%;font-family: 宋体;position: relative;top: -1px;letter-spacing: -0\">.</span><span style=\"font-size: 14px;line-height: 150%;font-family: 宋体;position: relative;top: -1px;letter-spacing: 0\">0</span><span style=\"font-size: 14px;line-height: 150%;font-family: 宋体;position: relative;top: -1px;letter-spacing: -0\">1</span><span style=\"font-size: 14px;line-height: 150%;font-family: 宋体;position: relative;top: -1px;letter-spacing: 0\">m</span><span style=\"font-size: 14px;line-height: 150%;font-family: 宋体;position: relative;top: -1px;letter-spacing: -0\">ol</span><span style=\"font-size: 14px;line-height: 150%;font-family: 宋体;position: relative;top: -1px;letter-spacing: 0\">/</span><span style=\"font-size: 14px;line-height: 150%;font-family: 宋体;position: relative;top: -1px\">L <span style=\"letter-spacing:-0\">K</span><span style=\"letter-spacing:0\">CL</span><span style=\"letter-spacing:-0\">，</span><span style=\"letter-spacing:0\">0</span><span style=\"letter-spacing:-0\">.0</span><span style=\"letter-spacing:0\">0</span><span style=\"letter-spacing:-0\">1</span><span style=\"letter-spacing:0\">m</span><span style=\"letter-spacing:-0\">o</span><span style=\"letter-spacing:0\">l</span><span style=\"letter-spacing:-0\">/</span>L <span style=\"letter-spacing:0\">K</span></span><span style=\"font-size: 7px;line-height: 150%;font-family: 宋体;letter-spacing: -0\">2</span><span style=\"font-size: 14px;line-height: 150%;font-family: 宋体;position: relative;top: -1px;letter-spacing: 0\">S</span><span style=\"font-size: 14px;line-height: 150%;font-family: 宋体;position: relative;top: -1px;letter-spacing: -0\">O</span><span style=\"font-size: 7px;line-height: 150%;font-family: 宋体\">4</span><span style=\"font-size: 14px;line-height: 150%;font-family: 宋体;position: relative;top: -1px;letter-spacing: -0\">，</span><span style=\"font-size: 14px;line-height: 150%;font-family: 宋体;position: relative;top: -1px;letter-spacing: 0\">0</span><span style=\"font-size: 14px;line-height: 150%;font-family: 宋体;position: relative;top: -1px;letter-spacing: -0\">.</span><span style=\"font-size: 14px;line-height: 150%;font-family: 宋体;position: relative;top: -1px;letter-spacing: 0\">0</span><span style=\"font-size: 14px;line-height: 150%;font-family: 宋体;position: relative;top: -1px;letter-spacing: -0\">0</span><span style=\"font-size: 14px;line-height: 150%;font-family: 宋体;position: relative;top: -1px;letter-spacing: 0\">1</span><span style=\"font-size: 14px;line-height: 150%;font-family: 宋体;position: relative;top: -1px;letter-spacing: -0\">m</span><span style=\"font-size: 14px;line-height: 150%;font-family: 宋体;position: relative;top: -1px;letter-spacing: 0\">o</span><span style=\"font-size: 14px;line-height: 150%;font-family: 宋体;position: relative;top: -1px;letter-spacing: -0\">l/</span><span style=\"font-size: 14px;line-height: 150%;font-family: 宋体;position: relative;top: -1px\">L <span style=\"letter-spacing:0\">K</span></span><span style=\"font-size: 7px;line-height: 150%;font-family: 宋体;letter-spacing: -0\">3</span><span style=\"font-size: 14px;line-height: 150%;font-family: 宋体;position: relative;top: -1px;letter-spacing: 0\">(</span><span style=\"font-size: 14px;line-height: 150%;font-family: 宋体;position: relative;top: -1px;letter-spacing: -0\">C</span><span style=\"font-size: 14px;line-height: 150%;font-family: 宋体;position: relative;top: -1px;letter-spacing: 0\">O</span><span style=\"font-size: 14px;line-height: 150%;font-family: 宋体;position: relative;top: -1px;letter-spacing: -0\">O</span><span style=\"font-size: 14px;line-height: 150%;font-family: 宋体;position: relative;top: -1px;letter-spacing: 0\">)</span><span style=\"font-size: 7px;line-height: 150%;font-family: 宋体\">3</span><span style=\"font-size: 14px;line-height: 150%;font-family: 宋体;position: relative;top: -1px;letter-spacing: 0\">C</span><span style=\"font-size: 7px;line-height: 150%;font-family: 宋体;letter-spacing: -0\">3</span><span style=\"font-size: 14px;line-height: 150%;font-family: 宋体;position: relative;top: -1px;letter-spacing: -0\">H</span><span style=\"font-size: 7px;line-height: 150%;font-family: 宋体\">4</span><span style=\"font-size: 14px;line-height: 150%;font-family: 宋体;position: relative;top: -1px;letter-spacing: 0\">OH</span><span style=\"font-size: 14px;line-height: 150%;font-family: 宋体;position: relative;top: -1px;letter-spacing: -0\">，</span><span style=\"font-size: 14px;line-height: 150%;font-family: 宋体;position: relative;top: -1px;letter-spacing: 0\">F</span><span style=\"font-size: 14px;line-height: 150%;font-family: 宋体;position: relative;top: -1px;letter-spacing: -0\">e</span><span style=\"font-size: 14px;line-height: 150%;font-family: 宋体;position: relative;top: -1px;letter-spacing: 0\">(</span><span style=\"font-size: 14px;line-height: 150%;font-family: 宋体;position: relative;top: -1px;letter-spacing: -0\">O</span><span style=\"font-size: 14px;line-height: 150%;font-family: 宋体;position: relative;top: -1px;letter-spacing: 0\">H)</span><span style=\"font-size: 7px;line-height: 150%;font-family: 宋体\">3 </span><span style=\"font-size: 14px;line-height: 150%;font-family: 宋体;position: relative;top: -1px\">溶胶，粘 </span><span style=\"font-size: 14px;line-height: 150%;font-family: 宋体\">土溶胶。</span></p><p style=\"margin-bottom:0;margin-bottom:0;line-height: 13px;text-autospace:none\"><span style=\"font-size: 13px;font-family: 宋体\">&nbsp;</span></p><p style=\"margin-top:1px;margin-right:0;margin-bottom:0;margin-left:0;margin-bottom:0;line-height:19px;text-autospace:none\"><span style=\"font-size: 19px;font-family: 宋体\">&nbsp;</span></p><p style=\"margin-top:0;margin-right:448px;margin-bottom: 0;margin-left:32px;margin-bottom:0;text-align:justify;text-justify: inter-ideograph;line-height:normal;text-autospace:none\"><span style=\"font-size: 16px;font-family: 黑体\">四.实验步骤</span></p><p style=\"margin-top:0;margin-right:0;margin-bottom:0;margin-left:0;margin-bottom:0;line-height:9px;text-autospace:none\"><span style=\"font-size: 9px;font-family: 黑体\">&nbsp;</span></p><p style=\"margin-top:0;margin-right:0;margin-bottom:0;margin-left:60px;margin-bottom:0;line-height:normal;text-autospace:none\"><span style=\"font-size: 14px;font-family: 宋体\">1 </span><span style=\"font-size: 14px;font-family: 宋体\">电解质对<span style=\"letter-spacing: -0\">溶</span>胶的聚沉作用</span></p><p style=\"margin-top:1px;margin-right:0;margin-bottom:0;margin-left:0;margin-bottom:0;line-height:10px;text-autospace:none\"><span style=\"font-size: 10px;font-family: 宋体\">&nbsp;</span></p><p style=\"margin-top:0;margin-right:6px;margin-bottom:0;margin-left:32px;margin-bottom:0;text-align:justify;text-justify:inter-ideograph;text-indent:28px;line-height:150%;text-autospace:none\"><span style=\"font-size: 14px;line-height: 150%;font-family: 宋体;position: relative;top: -1px\">在 3 个清<span style=\"letter-spacing: -0\">洁</span><span style=\"letter-spacing:-0\">、</span>干燥的 100mL 锥形瓶<span style=\"letter-spacing: -0\">内</span><span style=\"letter-spacing:-0\">，</span>用移液管各加入 10mL <span style=\"letter-spacing:0\">F</span><span style=\"letter-spacing:-0\">e</span><span style=\"letter-spacing:0\">(</span><span style=\"letter-spacing:-0\">O</span><span style=\"letter-spacing:0\">H)</span></span><span style=\"font-size: 7px;line-height: 150%;font-family: 宋体\">3 </span><span style=\"font-size: 14px;line-height: 150%;font-family: 宋体;position: relative;top: -1px\">溶<span style=\"letter-spacing:-0\">胶</span><span style=\"letter-spacing:-0\">。</span>然后用 </span><span style=\"font-size: 14px;line-height: 150%;font-family: 宋体\">微量滴定管分别滴入表 10－1 所列<span style=\"letter-spacing:-0\">各</span>种电解质溶液<span style=\"letter-spacing:-1px\">，</span>每加入一滴要充分振荡<span style=\"letter-spacing:-1px\">，</span>至少一分 钟内溶胶不会出现浑浊才可以加入第二滴电解质溶液<span style=\"letter-spacing:-2px\">。</span>记录刚刚产生浑浊时电解质的溶 液的体积，并列于表 4-1。</span></p><p style=\"margin-top:0;margin-right:6px;margin-bottom:0;margin-left:32px;margin-bottom:0;text-align:justify;text-justify:inter-ideograph;text-indent:28px;line-height:150%;text-autospace:none\"><span style=\"font-size: 14px;line-height: 150%;font-family: 宋体\"></span></p><p style=\"margin-top:0;margin-right:0;margin-bottom:0;margin-left:188px;margin-bottom:0;line-height:normal;text-autospace:none\"><span style=\"font-size: 14px;font-family: 宋体\">表 <span style=\"letter-spacing:0\">4</span>-1 不<span style=\"letter-spacing:-0\">同</span>电解质对溶胶的聚沉作用记录</span></p><p style=\"margin-top:1px;margin-right:0;margin-bottom:0;margin-left:0;margin-bottom:0;line-height:8px;text-autospace:none\"><span style=\"font-size: 8px;font-family: 宋体\">&nbsp;&nbsp;&nbsp;&nbsp;&nbsp;</span></p><table><tbody><tr style=\";height:29px\" class=\"firstRow\"><td width=\"508\" colspan=\"4\" valign=\"top\" style=\"border-width: 2px 2px 2px 1px; border-color: black; padding: 0px;\"><p style=\"margin-top:0;margin-right:213px;margin-bottom:0;margin-left:213px;margin-bottom:0;text-align:center;line-height:16px;text-autospace:none\"><span style=\"font-size:14px;font-family:宋体;position:relative;top:1px;letter-spacing:0\">F</span><span style=\"font-size:14px;font-family:宋体;position:relative;top:1px;letter-spacing:-0\">e</span><span style=\"font-size:14px;font-family:宋体;position:relative;top:1px;letter-spacing:0\">(</span><span style=\"font-size:14px;font-family:宋体;position:relative;top:1px;letter-spacing:-0\">O</span><span style=\"font-size:14px;font-family:宋体;position:relative;top:1px;letter-spacing:0\">H)</span><span style=\"font-size:7px;font-family:宋体;position:relative;top:2px\">3 </span><span style=\"font-size:   14px;font-family:宋体;position:relative;top:1px\">溶胶</span></p></td></tr><tr style=\";height:54px\"><td width=\"127\" valign=\"top\" style=\"border-right-width: 1px; border-bottom-width: 1px; border-left-width: 1px; border-right-color: black; border-bottom-color: black; border-left-color: black; border-top: none; padding: 0px;\"><p style=\"margin-top:1px;margin-right:0;margin-bottom:   0;margin-left:0;margin-bottom:0;line-height:10px;text-autospace:none\"><span style=\"font-size:10px;font-family:&#39;Times New Roman&#39;,serif\">&nbsp;</span></p><p style=\"margin-top:0;margin-right:43px;margin-bottom:0;margin-left:43px;margin-bottom:0;text-align:center;line-height:normal;text-autospace:   none\"><span style=\"font-size:12px;font-family:宋体\">电解质</span></p></td><td width=\"127\" valign=\"top\" style=\"border-top: none; border-left: none; border-bottom-width: 1px; border-bottom-color: black; border-right-width: 1px; border-right-color: black; padding: 0px;\"><p style=\"margin-top:0;margin-right:19px;margin-bottom:0;margin-left:19px;margin-bottom:0;text-align:center;line-height:17px;text-autospace:none\"><span style=\"font-size:12px;font-family:宋体;position:relative;top:1px\">电解质溶液浓度</span></p><p style=\"margin-top:6px;margin-right:34px;margin-bottom:0;margin-left:34px;margin-bottom:0;text-align:center;line-height:normal;text-autospace:   none\"><span style=\"font-size:12px;font-family:宋体\">（mol/L）</span></p></td><td width=\"127\" valign=\"top\" style=\"border-top: none; border-left: none; border-bottom-width: 1px; border-bottom-color: black; border-right-width: 1px; border-right-color: black; padding: 0px;\"><p style=\"margin-top:0;margin-right:7px;margin-bottom:0;margin-left:7px;margin-bottom:0;text-align:center;line-height:17px;text-autospace:none\"><span style=\"font-size:12px;font-family:宋体;position:relative;top:1px\">所用电解质溶液体积</span></p><p style=\"margin-top:6px;margin-right:43px;margin-bottom:0;margin-left:43px;margin-bottom:0;text-align:center;line-height:normal;text-autospace:   none\"><span style=\"font-size:12px;font-family:宋体\">（mL）</span></p></td><td width=\"127\" valign=\"top\" style=\"border-top: none; border-left: none; border-bottom-width: 1px; border-bottom-color: black; border-right-width: 2px; border-right-color: black; padding: 0px;\"><p style=\"margin-top:0;margin-right:42px;margin-bottom:0;margin-left:43px;margin-bottom:0;text-align:center;line-height:17px;text-autospace:none\"><span style=\"font-size:12px;font-family:宋体;position:relative;top:1px\">聚沉值</span></p><p style=\"margin-top:6px;margin-right:30px;margin-bottom:0;margin-left:31px;margin-bottom:0;text-align:center;line-height:normal;text-autospace:   none\"><span style=\"font-size:12px;font-family:宋体\">（mmol/L）</span></p></td></tr><tr style=\";height:38px\"><td width=\"127\" valign=\"top\" style=\"border-right-width: 1px; border-bottom-width: 1px; border-left-width: 1px; border-right-color: black; border-bottom-color: black; border-left-color: black; border-top: none; padding: 0px;\"><p style=\"margin-top:0;margin-right:50px;margin-bottom:0;margin-left:50px;margin-bottom:0;text-align:center;line-height:normal;text-autospace:   none\"><span style=\"font-size:14px;font-family:宋体;letter-spacing:0\">K</span><span style=\"font-size:14px;font-family:宋体;letter-spacing:-0\">C</span><span style=\"font-size:14px;font-family:宋体\">L</span></p></td><td width=\"127\" valign=\"top\" style=\"border-top: none; border-left: none; border-bottom-width: 1px; border-bottom-color: black; border-right-width: 1px; border-right-color: black; padding: 0px;\"><br/></td><td width=\"127\" valign=\"top\" style=\"border-top: none; border-left: none; border-bottom-width: 1px; border-bottom-color: black; border-right-width: 1px; border-right-color: black; padding: 0px;\"><br/></td><td width=\"127\" valign=\"top\" style=\"border-top: none; border-left: none; border-bottom-width: 1px; border-bottom-color: black; border-right-width: 2px; border-right-color: black; padding: 0px;\"><br/></td></tr><tr style=\";height:39px\"><td width=\"127\" valign=\"top\" style=\"border-right-width: 1px; border-bottom-width: 1px; border-left-width: 1px; border-right-color: black; border-bottom-color: black; border-left-color: black; border-top: none; padding: 0px;\"><p style=\"margin-top:1px;margin-right:47px;margin-bottom:0;margin-left:47px;margin-bottom:0;text-align:center;line-height:normal;text-autospace:   none\"><span style=\"font-size:14px;font-family:宋体;position:relative;top:-1px;letter-spacing:0\">K</span><span style=\"font-size:7px;font-family:宋体\">2</span><span style=\"font-size:14px;font-family:宋体;position:relative;top:-1px;letter-spacing:-0\">S</span><span style=\"font-size:14px;font-family:宋体;position:relative;top:-1px;letter-spacing:0\">O</span><span style=\"font-size:7px;font-family:宋体\">4</span></p></td><td width=\"127\" valign=\"top\" style=\"border-top: none; border-left: none; border-bottom-width: 1px; border-bottom-color: black; border-right-width: 1px; border-right-color: black; padding: 0px;\"><br/></td><td width=\"127\" valign=\"top\" style=\"border-top: none; border-left: none; border-bottom-width: 1px; border-bottom-color: black; border-right-width: 1px; border-right-color: black; padding: 0px;\"><br/></td><td width=\"127\" valign=\"top\" style=\"border-top: none; border-left: none; border-bottom-width: 1px; border-bottom-color: black; border-right-width: 2px; border-right-color: black; padding: 0px;\"><br/></td></tr><tr style=\";height:42px\"><td width=\"127\" valign=\"top\" style=\"border-top: none; border-left-width: 1px; border-left-color: black; border-bottom-width: 2px; border-bottom-color: black; border-right-width: 1px; border-right-color: black; padding: 0px;\"><p style=\"margin-top:2px;margin-right:0;margin-bottom:   0;margin-left:21px;margin-bottom:0;line-height:normal;text-autospace:none\"><span style=\"font-size:14px;font-family:宋体;position:relative;top:-1px;letter-spacing:0\">K</span><span style=\"font-size:7px;font-family:宋体\">3</span><span style=\"font-size:14px;font-family:宋体;position:   relative;top:-1px;letter-spacing:-0\">(</span><span style=\"font-size:14px;font-family:宋体;position:relative;top:-1px;letter-spacing:0\">C</span><span style=\"font-size:14px;font-family:宋体;position:relative;top:-1px;letter-spacing:-0\">O</span><span style=\"font-size:14px;font-family:宋体;position:relative;top:-1px;letter-spacing:0\">O)</span><span style=\"font-size:7px;font-family:宋体;letter-spacing:-0\">3</span><span style=\"font-size:14px;font-family:宋体;position:relative;top:-1px;letter-spacing:0\">C</span><span style=\"font-size:7px;font-family:宋体;letter-spacing:-0\">3</span><span style=\"font-size:14px;font-family:宋体;position:relative;top:-1px;letter-spacing:0\">H</span><span style=\"font-size:7px;font-family:宋体\">4</span><span style=\"font-size:14px;font-family:宋体;position:   relative;top:-1px;letter-spacing:-0\">OH</span></p></td><td width=\"127\" valign=\"top\" style=\"border-top: none; border-left: none; border-bottom-width: 2px; border-bottom-color: black; border-right-width: 1px; border-right-color: black; padding: 0px;\"><br/></td><td width=\"127\" valign=\"top\" style=\"border-top: none; border-left: none; border-bottom-width: 2px; border-bottom-color: black; border-right-width: 1px; border-right-color: black; padding: 0px;\"><br/></td><td width=\"127\" valign=\"top\" style=\"border-top: none; border-left: none; border-bottom-width: 2px; border-bottom-color: black; border-right-width: 2px; border-right-color: black; padding: 0px;\"><br/></td></tr></tbody></table><p style=\"margin-top:1px;margin-right:0;margin-bottom:0;margin-left:0;margin-bottom:0;line-height:7px;text-autospace:none\"><span style=\"font-size:7px;font-family:&#39;Times New Roman&#39;,serif\">&nbsp;</span></p><p style=\"margin-bottom:0;margin-bottom:0;line-height: 13px;text-autospace:none\"><span style=\"font-size:13px;font-family: &#39;Times New Roman&#39;,serif\">&nbsp;</span></p><p style=\"margin-bottom:0;margin-bottom:0;line-height: 13px;text-autospace:none\"><span style=\"font-size:13px;font-family: &#39;Times New Roman&#39;,serif\">&nbsp;</span></p><p style=\"margin-top:0;margin-right:0;margin-bottom:0;margin-left:60px;margin-bottom:0;line-height:18px;text-autospace:none\"><span style=\"font-size:14px;font-family:宋体;position:relative;top:1px\">2.</span><span style=\"font-size:14px;font-family: 宋体;position: relative;top:1px\">粘土溶<span style=\"letter-spacing:-0\">胶</span>和氢氧化铁溶胶的相互聚沉作用</span></p><p style=\"margin-top:1px;margin-right:0;margin-bottom:0;margin-left:0;margin-bottom:0;line-height:10px;text-autospace:none\"><span style=\"font-size:10px;font-family:宋体\">&nbsp;</span></p><p style=\"margin-top:0;margin-right:0;margin-bottom:0;margin-left:60px;margin-bottom:0;line-height:normal;text-autospace:none\"><span style=\"font-size: 14px;font-family:宋体;position:relative;top:-1px\">取 6 支干燥试管，在每支试管中按表 10－2 <span style=\"letter-spacing:-0\">用</span>量加入 Fe(O<span style=\"letter-spacing:-0\">H</span><span style=\"letter-spacing:-0\">)</span></span><span style=\"font-size:7px;font-family:宋体\">3 </span><span style=\"font-size:14px;font-family:宋体;position:relative;top:-1px;letter-spacing:-0\">溶胶。</span><span style=\"font-size:14px;font-family:宋体;position:relative;top:-1px;letter-spacing:-0\">然</span><span style=\"font-size:14px;font-family:宋体;position:relative;top:-1px;letter-spacing:-0\">后在所有试</span></p><p style=\"margin-bottom:0;margin-bottom:0;line-height: 13px;text-autospace:none\"><span style=\"font-size:13px;font-family: 宋体\">&nbsp;</span></p><p style=\"margin-top:1px;margin-right:0;margin-bottom:0;margin-left:0;margin-bottom:0;line-height:16px;text-autospace:none\"><span style=\"font-size:16px;font-family:宋体\">&nbsp;</span></p><p style=\"margin-top:2px;margin-right:266px;margin-bottom:0;margin-left:289px;margin-bottom:0;text-align:center;line-height:normal;text-autospace: none\"><span style=\"font-size:12px;font-family:&#39;Times New Roman&#39;,serif\">18</span></p><p><span style=\"font-size:12px;font-family:&#39;Times New Roman&#39;,serif\"><br/> </span> </p><p style=\"margin-top:1px;margin-right:12px;margin-bottom: 0;margin-left:32px;margin-bottom:0;line-height:150%;text-autospace:none\"><span style=\"font-size: 14px;line-height:150%;font-family:宋体\">管中加入粘土溶胶，使每支试管内的溶胶总体积为 6mL。<span style=\"letter-spacing:-0\">摇</span>动每支试管，静止 2 <span style=\"letter-spacing:-0\">小</span>时， 记下每支试管中的聚沉现象。</span></p><p style=\"margin-top:1px;margin-right:0;margin-bottom:0;margin-left:0;margin-bottom:0;line-height:7px;text-autospace:none\"><span style=\"font-size:7px;font-family:宋体\">&nbsp;</span></p><p style=\"margin-bottom:0;margin-bottom:0;line-height: 13px;text-autospace:none\"><span style=\"font-size:13px;font-family: 宋体\">&nbsp;</span></p><p style=\"margin-bottom:0;margin-bottom:0;line-height: 13px;text-autospace:none\"><span style=\"font-size:13px;font-family: 宋体\">&nbsp;</span></p><p style=\"margin-top:0;margin-right:0;margin-bottom:0;margin-left:206px;margin-bottom:0;line-height:normal;text-autospace:none\"><span style=\"font-size: 14px;font-family:宋体\">表 <span style=\"letter-spacing:0\">4</span>-2 溶<span style=\"letter-spacing:-0\">胶</span>的相互聚沉作用记录表</span></p><p style=\"margin-top:1px;margin-right:0;margin-bottom:0;margin-left:0;margin-bottom:0;line-height:8px;text-autospace:none\"><span style=\"font-size:8px;font-family:宋体\">&nbsp;</span></p><table><tbody><tr style=\";height:34px\" class=\"firstRow\"><td width=\"103\" valign=\"top\" style=\"border-width: 2px 1px 1px 2px; border-color: black; padding: 0px;\"><p style=\"margin-top:0;margin-right:0;margin-bottom:0;margin-left:23px;margin-bottom:0;line-height:19px;text-autospace:none\"><span style=\"font-size:14px;font-family:宋体;position:relative;top:2px\">试管编号</span></p></td><td width=\"72\" valign=\"top\" style=\"border-top-width: 2px; border-top-color: black; border-left: none; border-bottom-width: 1px; border-bottom-color: black; border-right-width: 1px; border-right-color: black; padding: 0px;\"><p style=\"margin-top:0;margin-right:30px;margin-bottom:0;margin-left:30px;margin-bottom:0;text-align:center;line-height:19px;text-autospace:none\"><span style=\"font-size:14px;font-family:宋体;position:relative;top:2px\">1</span></p></td><td width=\"72\" valign=\"top\" style=\"border-top-width: 2px; border-top-color: black; border-left: none; border-bottom-width: 1px; border-bottom-color: black; border-right-width: 1px; border-right-color: black; padding: 0px;\"><p style=\"margin-top:0;margin-right:30px;margin-bottom:0;margin-left:30px;margin-bottom:0;text-align:center;line-height:19px;text-autospace:none\"><span style=\"font-size:14px;font-family:宋体;position:relative;top:2px\">2</span></p></td><td width=\"72\" valign=\"top\" style=\"border-top-width: 2px; border-top-color: black; border-left: none; border-bottom-width: 1px; border-bottom-color: black; border-right-width: 1px; border-right-color: black; padding: 0px;\"><p style=\"margin-top:0;margin-right:30px;margin-bottom:0;margin-left:30px;margin-bottom:0;text-align:center;line-height:19px;text-autospace:none\"><span style=\"font-size:14px;font-family:宋体;position:relative;top:2px\">3</span></p></td><td width=\"72\" valign=\"top\" style=\"border-top-width: 2px; border-top-color: black; border-left: none; border-bottom-width: 1px; border-bottom-color: black; border-right-width: 1px; border-right-color: black; padding: 0px;\"><p style=\"margin-top:0;margin-right:30px;margin-bottom:0;margin-left:30px;margin-bottom:0;text-align:center;line-height:19px;text-autospace:none\"><span style=\"font-size:14px;font-family:宋体;position:relative;top:2px\">4</span></p></td><td width=\"72\" valign=\"top\" style=\"border-top-width: 2px; border-top-color: black; border-left: none; border-bottom-width: 1px; border-bottom-color: black; border-right-width: 1px; border-right-color: black; padding: 0px;\"><p style=\"margin-top:0;margin-right:30px;margin-bottom:0;margin-left:30px;margin-bottom:0;text-align:center;line-height:19px;text-autospace:none\"><span style=\"font-size:14px;font-family:宋体;position:relative;top:2px\">5</span></p></td><td width=\"72\" valign=\"top\" style=\"border-top-width: 2px; border-top-color: black; border-left: none; border-bottom-width: 1px; border-bottom-color: black; border-right-width: 2px; border-right-color: black; padding: 0px;\"><p style=\"margin-top:0;margin-right:29px;margin-bottom:0;margin-left:30px;margin-bottom:0;text-align:center;line-height:19px;text-autospace:none\"><span style=\"font-size:14px;font-family:宋体;position:relative;top:2px\">6</span></p></td></tr><tr style=\";height:41px\"><td width=\"103\" valign=\"top\" style=\"border-top: none; border-left-width: 2px; border-left-color: black; border-bottom-width: 1px; border-bottom-color: black; border-right-width: 1px; border-right-color: black; padding: 0px;\"><p style=\"margin-top:2px;margin-right:0;margin-bottom:   0;margin-left:13px;margin-bottom:0;line-height:normal;text-autospace:none\"><span style=\"font-size:14px;font-family:宋体;position:relative;top:-1px;letter-spacing:0\">F</span><span style=\"font-size:14px;font-family:宋体;position:relative;top:-1px;letter-spacing:-0\">e</span><span style=\"font-size:14px;font-family:宋体;position:relative;top:-1px;letter-spacing:0\">(</span><span style=\"font-size:14px;font-family:宋体;position:relative;top:-1px;letter-spacing:-0\">O</span><span style=\"font-size:14px;font-family:宋体;position:relative;top:-1px;letter-spacing:0\">H)</span><span style=\"font-size:7px;font-family:宋体\">3 </span><span style=\"font-size:14px;font-family:宋体;position:relative;top:-1px;letter-spacing:-0\">溶胶</span></p></td><td width=\"72\" valign=\"top\" style=\"border-top: none; border-left: none; border-bottom-width: 1px; border-bottom-color: black; border-right-width: 1px; border-right-color: black; padding: 0px;\"><p style=\"margin-top:2px;margin-right:23px;margin-bottom:0;margin-left:23px;margin-bottom:0;text-align:center;line-height:normal;text-autospace:   none\"><span style=\"font-size:14px;font-family:宋体;letter-spacing:0\">0</span><span style=\"font-size:14px;font-family:宋体;letter-spacing:-0\">.1</span></p></td><td width=\"72\" valign=\"top\" style=\"border-top: none; border-left: none; border-bottom-width: 1px; border-bottom-color: black; border-right-width: 1px; border-right-color: black; padding: 0px;\"><p style=\"margin-top:2px;margin-right:23px;margin-bottom:0;margin-left:23px;margin-bottom:0;text-align:center;line-height:normal;text-autospace:   none\"><span style=\"font-size:14px;font-family:宋体;letter-spacing:0\">0</span><span style=\"font-size:14px;font-family:宋体;letter-spacing:-0\">.5</span></p></td><td width=\"72\" valign=\"top\" style=\"border-top: none; border-left: none; border-bottom-width: 1px; border-bottom-color: black; border-right-width: 1px; border-right-color: black; padding: 0px;\"><p style=\"margin-top:2px;margin-right:30px;margin-bottom:0;margin-left:30px;margin-bottom:0;text-align:center;line-height:normal;text-autospace:   none\"><span style=\"font-size:14px;font-family:宋体\">1</span></p></td><td width=\"72\" valign=\"top\" style=\"border-top: none; border-left: none; border-bottom-width: 1px; border-bottom-color: black; border-right-width: 1px; border-right-color: black; padding: 0px;\"><p style=\"margin-top:2px;margin-right:30px;margin-bottom:0;margin-left:30px;margin-bottom:0;text-align:center;line-height:normal;text-autospace:   none\"><span style=\"font-size:14px;font-family:宋体\">3</span></p></td><td width=\"72\" valign=\"top\" style=\"border-top: none; border-left: none; border-bottom-width: 1px; border-bottom-color: black; border-right-width: 1px; border-right-color: black; padding: 0px;\"><p style=\"margin-top:2px;margin-right:30px;margin-bottom:0;margin-left:30px;margin-bottom:0;text-align:center;line-height:normal;text-autospace:   none\"><span style=\"font-size:14px;font-family:宋体\">5</span></p></td><td width=\"72\" valign=\"top\" style=\"border-top: none; border-left: none; border-bottom-width: 1px; border-bottom-color: black; border-right-width: 2px; border-right-color: black; padding: 0px;\"><p style=\"margin-top:2px;margin-right:22px;margin-bottom:0;margin-left:23px;margin-bottom:0;text-align:center;line-height:normal;text-autospace:   none\"><span style=\"font-size:14px;font-family:宋体;letter-spacing:0\">5</span><span style=\"font-size:14px;font-family:宋体;letter-spacing:-0\">.5</span></p></td></tr><tr style=\";height:35px\"><td width=\"103\" valign=\"top\" style=\"border-top: none; border-left-width: 2px; border-left-color: black; border-bottom-width: 1px; border-bottom-color: black; border-right-width: 1px; border-right-color: black; padding: 0px;\"><p style=\"margin-top:0;margin-right:0;margin-bottom:0;margin-left:23px;margin-bottom:0;line-height:20px;text-autospace:none\"><span style=\"font-size:14px;font-family:宋体;position:relative;top:2px\">粘土溶胶</span></p></td><td width=\"72\" valign=\"top\" style=\"border-top: none; border-left: none; border-bottom-width: 1px; border-bottom-color: black; border-right-width: 1px; border-right-color: black; padding: 0px;\"><p style=\"margin-top:0;margin-right:23px;margin-bottom:0;margin-left:23px;margin-bottom:0;text-align:center;line-height:20px;text-autospace:none\"><span style=\"font-size:14px;font-family:宋体;position:relative;top:2px\">5.9</span></p></td><td width=\"72\" valign=\"top\" style=\"border-top: none; border-left: none; border-bottom-width: 1px; border-bottom-color: black; border-right-width: 1px; border-right-color: black; padding: 0px;\"><p style=\"margin-top:0;margin-right:23px;margin-bottom:0;margin-left:23px;margin-bottom:0;text-align:center;line-height:20px;text-autospace:none\"><span style=\"font-size:14px;font-family:宋体;position:relative;top:2px\">5.5</span></p></td><td width=\"72\" valign=\"top\" style=\"border-top: none; border-left: none; border-bottom-width: 1px; border-bottom-color: black; border-right-width: 1px; border-right-color: black; padding: 0px;\"><p style=\"margin-top:0;margin-right:30px;margin-bottom:0;margin-left:30px;margin-bottom:0;text-align:center;line-height:20px;text-autospace:none\"><span style=\"font-size:14px;font-family:宋体;position:relative;top:2px\">5</span></p></td><td width=\"72\" valign=\"top\" style=\"border-top: none; border-left: none; border-bottom-width: 1px; border-bottom-color: black; border-right-width: 1px; border-right-color: black; padding: 0px;\"><p style=\"margin-top:0;margin-right:30px;margin-bottom:0;margin-left:30px;margin-bottom:0;text-align:center;line-height:20px;text-autospace:none\"><span style=\"font-size:14px;font-family:宋体;position:relative;top:2px\">3</span></p></td><td width=\"72\" valign=\"top\" style=\"border-top: none; border-left: none; border-bottom-width: 1px; border-bottom-color: black; border-right-width: 1px; border-right-color: black; padding: 0px;\"><p style=\"margin-top:0;margin-right:30px;margin-bottom:0;margin-left:30px;margin-bottom:0;text-align:center;line-height:20px;text-autospace:none\"><span style=\"font-size:14px;font-family:宋体;position:relative;top:2px\">1</span></p></td><td width=\"72\" valign=\"top\" style=\"border-top: none; border-left: none; border-bottom-width: 1px; border-bottom-color: black; border-right-width: 2px; border-right-color: black; padding: 0px;\"><p style=\"margin-top:0;margin-right:22px;margin-bottom:0;margin-left:23px;margin-bottom:0;text-align:center;line-height:20px;text-autospace:none\"><span style=\"font-size:14px;font-family:宋体;position:relative;top:2px\">0.5</span></p></td></tr><tr style=\";height:68px\"><td width=\"103\" valign=\"top\" style=\"border-top: none; border-left-width: 2px; border-left-color: black; border-bottom-width: 2px; border-bottom-color: black; border-right-width: 1px; border-right-color: black; padding: 0px;\"><p style=\"margin-top:1px;margin-right:0;margin-bottom:   0;margin-left:0;margin-bottom:0;line-height:15px;text-autospace:none\"><span style=\"font-family:&#39;Times New Roman&#39;,serif\">&nbsp;</span></p><p style=\"margin-top:0;margin-right:0;margin-bottom:0;margin-left:23px;margin-bottom:0;line-height:normal;text-autospace:none\"><span style=\"font-size:14px;font-family:宋体\">聚沉现象</span></p></td><td width=\"72\" valign=\"top\" style=\"border-top: none; border-left: none; border-bottom-width: 2px; border-bottom-color: black; border-right-width: 1px; border-right-color: black; padding: 0px;\"><br/></td><td width=\"72\" valign=\"top\" style=\"border-top: none; border-left: none; border-bottom-width: 2px; border-bottom-color: black; border-right-width: 1px; border-right-color: black; padding: 0px;\"><br/></td><td width=\"72\" valign=\"top\" style=\"border-top: none; border-left: none; border-bottom-width: 2px; border-bottom-color: black; border-right-width: 1px; border-right-color: black; padding: 0px;\"><br/></td><td width=\"72\" valign=\"top\" style=\"border-top: none; border-left: none; border-bottom-width: 2px; border-bottom-color: black; border-right-width: 1px; border-right-color: black; padding: 0px;\"><br/></td><td width=\"72\" valign=\"top\" style=\"border-top: none; border-left: none; border-bottom-width: 2px; border-bottom-color: black; border-right-width: 1px; border-right-color: black; padding: 0px;\"><br/></td><td width=\"72\" valign=\"top\" style=\"border-top: none; border-left: none; border-bottom-width: 2px; border-bottom-color: black; border-right-width: 2px; border-right-color: black; padding: 0px;\"><br/></td></tr></tbody></table><p style=\"margin-top:1px;margin-right:0;margin-bottom:0;margin-left:0;margin-bottom:0;line-height:7px;text-autospace:none\"><span style=\"font-size:7px;font-family:&#39;Times New Roman&#39;,serif\">&nbsp;</span></p><p style=\"margin-bottom:0;margin-bottom:0;line-height: 13px;text-autospace:none\"><span style=\"font-size:13px;font-family: &#39;Times New Roman&#39;,serif\">&nbsp;</span></p><p style=\"margin-bottom:0;margin-bottom:0;line-height: 13px;text-autospace:none\"><span style=\"font-size:13px;font-family: &#39;Times New Roman&#39;,serif\">&nbsp;</span></p><p style=\"margin-top:0;margin-right:0;margin-bottom:0;margin-left:60px;margin-bottom:0;line-height:18px;text-autospace:none\"><span style=\"font-size:14px;font-family:宋体;position:relative;top:1px\">3.高分子<span style=\"letter-spacing:-0\">的</span>絮凝作用</span></p><p style=\"margin-top:1px;margin-right:0;margin-bottom:0;margin-left:0;margin-bottom:0;line-height:10px;text-autospace:none\"><span style=\"font-size:10px;font-family:宋体\">&nbsp;</span></p><p style=\"margin-top:0;margin-right:4px;margin-bottom:0;margin-left:32px;margin-bottom:0;text-indent:28px;line-height:150%;text-autospace:none\"><span style=\"font-size:14px;line-height:150%;font-family:宋体\">取 <span style=\"letter-spacing: 0\">1</span>0 个 50mL 内径相近<span style=\"letter-spacing: -0\">的</span>具塞量筒，用移液管分别加入 20mL 粘土溶胶，按下表分 别加入分子量为 2×1<span style=\"letter-spacing:0\">0</span></span><span style=\"font-size:7px;line-height:150%;font-family:宋体;position:relative;top:-7px\">6 </span><span style=\"font-size:14px;line-height:150%;font-family: 宋体\">的 <span style=\"letter-spacing:0\">0</span>.02％<span style=\"letter-spacing:-0\">的</span>部分水解聚丙烯酰<span style=\"letter-spacing:-1px\">胺</span>（HPAM<span style=\"letter-spacing:-1px\">）</span>溶液<span style=\"letter-spacing:-1px\">，</span>再加水到 50mL， 来回翻到 20 次，静止 1 小时，在液面下 2cm <span style=\"letter-spacing: -0\">处</span>吸取 5mL <span style=\"letter-spacing:-0\">溶</span>液，用 722 分光光度计（用 法见附录八<span style=\"letter-spacing:-7px\">）</span>，在波长 420nm 下，以<span style=\"letter-spacing:-0\">蒸</span>馏水为空白测其光密度，将各数据填入表 4-3。</span></p><p style=\"margin-top:0;margin-right:6px;margin-bottom:0;margin-left:32px;margin-bottom:0;text-align:justify;text-justify:inter-ideograph;text-indent:28px;line-height:150%;text-autospace:none\"><span style=\"font-size: 14px;line-height: 150%;font-family: 宋体\"><br/></span><br/></p><p style=\"margin-top:0;margin-right:11px;margin-bottom:0;margin-left:60px;margin-bottom:0;line-height:31px;text-autospace:none\"><span style=\"font-size: 14px;font-family: 宋体\"></span><br/></p><p><br/></p>');
INSERT INTO `lab` VALUES ('d303a04e309d49c08f764fb4be9d2226', '试验一 溶胶的制备和电泳', '2018年4月初', '<p style=\"margin-top:0;margin-right:0;margin-bottom:0;margin-left:32px;margin-bottom:0;line-height:20px;text-autospace:none\"><span style=\"font-size: 16px;font-family: 黑体;position: relative;top: 2px\">一.实验目的</span></p><p style=\"margin-top:0;margin-right:0;margin-bottom:0;margin-left:0;margin-bottom:0;line-height:9px;text-autospace:none\"><span style=\"font-size: 9px;font-family: 黑体\">&nbsp;</span></p><p style=\"margin-top:0;margin-right:0;margin-bottom:0;margin-left:64px;margin-bottom:0;line-height:normal;text-autospace:none\"><span style=\"font-size: 14px;font-family: 宋体\">1</span><span style=\"font-size: 14px;font-family: 宋体\">．学会溶胶制备的基本原理、并掌握溶胶制备的主要方法；</span></p><p style=\"margin-top:1px;margin-right:0;margin-bottom:0;margin-left:0;margin-bottom:0;line-height:10px;text-autospace:none\"><span style=\"font-size: 10px;font-family: 宋体\">&nbsp;</span></p><p style=\"margin-top:0;margin-right:0;margin-bottom:0;margin-left:64px;margin-bottom:0;line-height:normal;text-autospace:none\"><span style=\"font-size: 14px;font-family: 宋体\">2</span><span style=\"font-size: 14px;font-family: 宋体\">．利用界面电泳法测定 AgI 溶胶的电<span style=\"letter-spacing: -0\">动</span>电位。</span></p><p style=\"margin-bottom:0;margin-bottom:0;line-height: 9px;text-autospace:none\"><span style=\"font-size: 9px;font-family: 宋体\">&nbsp;</span></p><p style=\"margin-top:0;margin-right:0;margin-bottom:0;margin-left:32px;margin-bottom:0;line-height:normal;text-autospace:none\"><span style=\"font-size: 16px;font-family: 黑体\">二.实验原理</span></p><p style=\"margin-top:0;margin-right:0;margin-bottom:0;margin-left:0;margin-bottom:0;line-height:9px;text-autospace:none\"><span style=\"font-size: 9px;font-family: 黑体\">&nbsp;</span></p><p style=\"margin-top:0;margin-right:0;margin-bottom:0;margin-left:60px;margin-bottom:0;line-height:normal;text-autospace:none\"><span style=\"font-size: 14px;font-family: 宋体\">溶胶是溶解度极小的固体在液体中高度分散所形成的胶态体系<span style=\"letter-spacing:-3px\">，</span>其颗<span style=\"letter-spacing:-0\">粒</span>直径变动在</span></p><p style=\"margin-top:1px;margin-right:0;margin-bottom:0;margin-left:0;margin-bottom:0;line-height:10px;text-autospace:none\"><span style=\"font-size: 10px;font-family: 宋体\">&nbsp;</span></p><p style=\"margin-top:0;margin-right:0;margin-bottom:0;margin-left:32px;margin-bottom:0;line-height:normal;text-autospace:none\"><span style=\"font-size: 14px;font-family: 宋体;letter-spacing: 0\">10</span><span style=\"font-size: 7px;font-family: 宋体;position: relative;top: -7px;letter-spacing: -0\">－</span><span style=\"font-size: 7px;font-family: 宋体;position: relative;top: -7px\">7</span><span style=\"font-size: 14px;font-family: 宋体\">～1<span style=\"letter-spacing:0\">0</span></span><span style=\"font-size: 7px;font-family: 宋体;position: relative;top: -7px\">－<span style=\"letter-spacing:-0\">9</span><span style=\"font-size:14px;position:relative;top:0\">m</span></span><span style=\"font-size: 14px;font-family: 宋体;letter-spacing: -4px\">&nbsp;</span><span style=\"font-size: 14px;font-family: 宋体\">范围。</span></p><p style=\"margin-top:1px;margin-right:0;margin-bottom:0;margin-left:0;margin-bottom:0;line-height:10px;text-autospace:none\"><span style=\"font-size: 10px;font-family: 宋体\">&nbsp;</span></p><p style=\"margin-top:0;margin-right:9px;margin-bottom: 0;margin-left:60px;margin-bottom:0;line-height: 150%;text-autospace:none\"><span style=\"font-size: 14px;line-height: 150%;font-family: 宋体\">1.</span><span style=\"font-size: 14px;line-height: 150%;font-family: 宋体\">溶胶制备 要制备出稳定的溶胶一般需满足两个条件<span style=\"letter-spacing: -3px\">：</span>固<span style=\"letter-spacing:-0\">体</span>分散相的质点大小必须在胶体分度</span></p><p style=\"margin-top:3px;margin-right:7px;margin-bottom: 0;margin-left:64px;margin-bottom:0;line-height: 150%;text-autospace:none\"><span style=\"font-size: 14px;line-height: 150%;font-family: 宋体\">的范围内；固体分散质点在液体介质中要保持分散不聚结，为此，一般需要加稳定剂。 制备溶胶原则上有两种方法<span style=\"letter-spacing:-3px\">：</span>将大块固体分割到胶体分散度的大小<span style=\"letter-spacing: -3px\">，</span>此法称为分散</span></p><p style=\"margin-top:3px;margin-right:189px;margin-bottom: 0;margin-left:67px;margin-bottom:0;line-height: 150%;text-autospace:none\"><span style=\"font-size: 14px;line-height: 150%;font-family: 宋体\">法；使小分子或粒子聚集成胶体大小，此法称为凝聚法。 (1)分散法</span></p><p style=\"margin-top:3px;margin-right:0;margin-bottom: 0;margin-left:67px;margin-bottom:0;line-height:normal;text-autospace:none\"><span style=\"font-size: 14px;font-family: 宋体\">分散<span style=\"letter-spacing:-0\">法</span>主要有 3 <span style=\"letter-spacing:-0\">种</span>方式，即机械研磨、超声分散和胶溶分散。</span></p><p style=\"margin-top:1px;margin-right:0;margin-bottom:0;margin-left:0;margin-bottom:0;line-height:10px;text-autospace:none\"><span style=\"font-size: 10px;font-family: 宋体\">&nbsp;</span></p><p style=\"margin-top:0;margin-right:9px;margin-bottom: 0;margin-left:32px;margin-bottom:0;text-align:justify;text-justify: inter-ideograph;text-indent:35px;line-height:150%;text-autospace:none\"><span style=\"font-size: 14px;line-height: 150%;font-family: 宋体;letter-spacing: 0\">①研</span><span style=\"font-size: 14px;line-height: 150%;font-family: 宋体;letter-spacing: 0\">磨</span><span style=\"font-size: 14px;line-height: 150%;font-family: 宋体;letter-spacing: 0\">法：常用</span><span style=\"font-size: 14px;line-height: 150%;font-family: 宋体;letter-spacing: 0\">的</span><span style=\"font-size: 14px;line-height: 150%;font-family: 宋体;letter-spacing: 0\">设备主要</span><span style=\"font-size: 14px;line-height: 150%;font-family: 宋体;letter-spacing: 0\">有</span><span style=\"font-size: 14px;line-height: 150%;font-family: 宋体;letter-spacing: 0\">胶体磨和</span><span style=\"font-size: 14px;line-height: 150%;font-family: 宋体;letter-spacing: 0\">球</span><span style=\"font-size: 14px;line-height: 150%;font-family: 宋体;letter-spacing: 0\">磨机等。</span><span style=\"font-size: 14px;line-height: 150%;font-family: 宋体;letter-spacing: 0\">胶</span><span style=\"font-size: 14px;line-height: 150%;font-family: 宋体;letter-spacing: 0\">体磨由两</span><span style=\"font-size: 14px;line-height: 150%;font-family: 宋体;letter-spacing: 0\">片</span><span style=\"font-size: 14px;line-height: 150%;font-family: 宋体;letter-spacing: 0\">靠得很近</span><span style=\"font-size: 14px;line-height: 150%;font-family: 宋体;letter-spacing: 0\">的盘</span><span style=\"font-size: 14px;line-height: 150%;font-family: 宋体\">或 磨刀<span style=\"letter-spacing: -7px\">，</span>均由坚硬耐磨的合金或碳化硅制成<span style=\"letter-spacing:-7px\">。</span>当上下两磨盘以高速反向转动<span style=\"letter-spacing:-7px\">时</span>（转速约 5000</span></p><p style=\"margin-top:3px;margin-right:9px;margin-bottom: 0;margin-left:32px;margin-bottom:0;line-height:150%;text-autospace:none\"><span style=\"font-size: 14px;line-height: 150%;font-family: 宋体;letter-spacing: 0\">－</span><span style=\"font-size: 14px;line-height: 150%;font-family: 宋体;letter-spacing: 0\">1</span><span style=\"font-size: 14px;line-height: 150%;font-family: 宋体;letter-spacing: -0\">0</span><span style=\"font-size: 14px;line-height: 150%;font-family: 宋体;letter-spacing: 0\">0</span><span style=\"font-size: 14px;line-height: 150%;font-family: 宋体;letter-spacing: -0\">0</span><span style=\"font-size: 14px;line-height: 150%;font-family: 宋体;letter-spacing: 0\">0</span><span style=\"font-size: 14px;line-height: 150%;font-family: 宋体;letter-spacing: -0\">rp</span><span style=\"font-size: 14px;line-height: 150%;font-family: 宋体;letter-spacing: 0\">m</span><span style=\"font-size: 14px;line-height: 150%;font-family: 宋体;letter-spacing: -7px\">）</span><span style=\"font-size: 14px;line-height: 150%;font-family: 宋体;letter-spacing: 0\">，粗粒子</span><span style=\"font-size: 14px;line-height: 150%;font-family: 宋体;letter-spacing: 0\">就</span><span style=\"font-size: 14px;line-height: 150%;font-family: 宋体;letter-spacing: 0\">被磨细。</span><span style=\"font-size: 14px;line-height: 150%;font-family: 宋体;letter-spacing: 0\">在</span><span style=\"font-size: 14px;line-height: 150%;font-family: 宋体;letter-spacing: 0\">机械磨中</span><span style=\"font-size: 14px;line-height: 150%;font-family: 宋体;letter-spacing: 0\">胶</span><span style=\"font-size: 14px;line-height: 150%;font-family: 宋体;letter-spacing: 0\">体研磨的</span><span style=\"font-size: 14px;line-height: 150%;font-family: 宋体;letter-spacing: 0\">效</span><span style=\"font-size: 14px;line-height: 150%;font-family: 宋体;letter-spacing: 0\">率较高，</span><span style=\"font-size: 14px;line-height: 150%;font-family: 宋体;letter-spacing: 0\">但</span><span style=\"font-size: 14px;line-height: 150%;font-family: 宋体;letter-spacing: 0\">一般只能</span><span style=\"font-size: 14px;line-height: 150%;font-family: 宋体;letter-spacing: 0\">将质</span><span style=\"font-size: 14px;line-height: 150%;font-family: 宋体\">点 磨细到 1um 左右。</span></p><p style=\"margin-top:3px;margin-right:5px;margin-bottom: 0;margin-left:32px;margin-bottom:0;text-align:justify;text-justify: inter-ideograph;text-indent:35px;line-height:150%;text-autospace:none\"><span style=\"font-size: 14px;line-height: 150%;font-family: 宋体;position: relative;top: -1px\">②超<span style=\"letter-spacing:-0\">声</span>分散法；频率高于 16000<span style=\"letter-spacing:0\">H</span></span><span style=\"font-size: 7px;line-height: 150%;font-family: 宋体\">z </span><span style=\"font-size: 14px;line-height: 150%;font-family: 宋体;position: relative;top: -1px\">的声波<span style=\"letter-spacing:-0\">称</span>为超声波，高频率的超声波传入介质， </span><span style=\"font-size: 14px;line-height: 150%;font-family: 宋体\">在介质中产生相同频率的疏密交替，对分散相产生很大的撕碎力，从而达到分散效果。 此法操作简单，效率高，经常用作胶体分散及乳状液制备 。</span></p><p style=\"margin-top:3px;margin-right:9px;margin-bottom: 0;margin-left:32px;margin-bottom:0;text-align:justify;text-justify: inter-ideograph;text-indent:28px;line-height:150%;text-autospace:none\"><span style=\"font-size: 14px;line-height: 150%;font-family: 宋体\">③胶溶法<span style=\"letter-spacing:-1px\">：</span>胶溶法是把暂时聚集在一起的胶体粒子重新分散而成溶胶<span style=\"letter-spacing:-1px\">。</span>例如<span style=\"letter-spacing:-1px\">，</span><span style=\"letter-spacing:-0\">氢</span>氧 化铁<span style=\"letter-spacing:-1px\">、</span>氢氧化铝等的沉淀实际上是胶体质点的聚集体<span style=\"letter-spacing:-1px\">，</span>由于制备时缺少稳定剂<span style=\"letter-spacing: -1px\">，</span>故胶体 质点聚在一起而沉淀<span style=\"letter-spacing:-1px\">。</span>此时若加入少量的电解质<span style=\"letter-spacing:-1px\">，</span>胶体质点因吸附离子而带电<span style=\"letter-spacing: -1px\">，</span>沉淀就 会在适当的搅拌下重新分散成胶体。</span></p><p style=\"margin-top:3px;margin-right:9px;margin-bottom: 0;margin-left:32px;margin-bottom:0;text-align:justify;text-justify: inter-ideograph;text-indent:28px;line-height:150%;text-autospace:none\"><span style=\"font-size: 14px;line-height: 150%;font-family: 宋体\">有时质点聚集成沉淀是因为电解质过多<span style=\"letter-spacing:-2px\">，</span>设法洗去过量的电解质也会使沉淀转化成 溶胶<span style=\"letter-spacing:-1px\">。</span>利用这些方法使沉淀转化成溶胶的过程成为胶溶作用<span style=\"letter-spacing:-1px\">。</span>胶溶作用只能用于新鲜的</span></p><p style=\"margin-top:3px;margin-right:0;margin-bottom: 0;margin-left:32px;margin-bottom:0;line-height:normal;text-autospace:none\"><span style=\"font-size: 14px;font-family: 宋体\">沉淀<span style=\"letter-spacing:-1px\">。</span>若沉淀放置过久<span style=\"letter-spacing:-1px\">，</span>小粒经过老化<span style=\"letter-spacing:-1px\">，</span>出现粒子间的连接或变化成大的粒子<span style=\"letter-spacing:-1px\">，</span>就不能</span><span style=\"font-family: 宋体; font-size: 14px;\">利用胶溶作用来达到重新分散的目的。 (</span><span style=\"font-family: 宋体; font-size: 14px; letter-spacing: 0px;\">2</span><span style=\"font-family: 宋体; font-size: 14px;\">) 凝聚法 主要有化学反应法及更换介质法，此法的基本原则是形成分子分散的过饱和溶液，</span></p><p style=\"margin-top:3px;margin-right:7px;margin-bottom: 0;margin-left:32px;margin-bottom:0;line-height:150%;text-autospace:none\"><span style=\"font-size: 14px;line-height: 150%;font-family: 宋体\">控制条件<span style=\"letter-spacing:-1px\">，</span>使形成的不溶物颗粒大小在溶胶分散度内<span style=\"letter-spacing: -1px\">。</span>此法与分散度相比不仅在能量上 有限，而且可以制成高分散度的胶体。</span></p><p style=\"margin-top:3px;margin-right:7px;margin-bottom: 0;margin-left:32px;margin-bottom:0;text-align:justify;text-justify: inter-ideograph;text-indent:28px;line-height:150%;text-autospace:none\"><span style=\"font-size: 14px;line-height: 150%;font-family: 宋体\">①化学反应法<span style=\"letter-spacing:-1px\">：</span>凡能形成不溶物的复分解反应<span style=\"letter-spacing: -1px\">、</span>水化反应以及氧化还原反应等皆可 用来制备溶胶<span style=\"letter-spacing:-1px\">。</span>由于离子的浓度对胶体的稳定性有直接的影响<span style=\"letter-spacing:-1px\">，</span>在制备溶胶时要注意控 制电解质的浓度。</span></p><p style=\"margin-top:3px;margin-right:7px;margin-bottom: 0;margin-left:32px;margin-bottom:0;text-align:justify;text-justify: inter-ideograph;text-indent:28px;line-height:150%;text-autospace:none\"><span style=\"font-size: 14px;line-height: 150%;font-family: 宋体\">②改换介质法<span style=\"letter-spacing:-1px\">：</span>此法系利用同一物质在不同溶剂中溶解度相差悬殊的特性<span style=\"letter-spacing:-1px\">，</span>使溶解 于良溶剂中的溶质<span style=\"letter-spacing: -1px\">，</span>在加入不良溶剂后<span style=\"letter-spacing:-1px\">，</span>因其溶解度下降而以胶体粒子的大小析出<span style=\"letter-spacing:-1px\">，</span>形 成溶胶。此法作溶胶方法简便，但得到的溶胶粒子不太细。</span></p><p style=\"margin-top:3px;margin-right:7px;margin-bottom: 0;margin-left:67px;margin-bottom:0;line-height: 150%;text-autospace:none\"><span style=\"font-size: 14px;line-height: 150%;font-family: 宋体\">（一） 溶胶的电泳 <span style=\"letter-spacing:0\">在电</span><span style=\"letter-spacing:0\">场</span><span style=\"letter-spacing:0\">的</span><span style=\"letter-spacing:0\">作</span><span style=\"letter-spacing:0\">用下，胶</span><span style=\"letter-spacing:0\">体</span><span style=\"letter-spacing:0\">粒子向正</span><span style=\"letter-spacing:0\">极</span><span style=\"letter-spacing:0\">或负极移</span><span style=\"letter-spacing:0\">动</span><span style=\"letter-spacing:0\">的现象叫</span><span style=\"letter-spacing:0\">电</span><span style=\"letter-spacing:0\">泳。电泳</span><span style=\"letter-spacing:0\">现</span><span style=\"letter-spacing:0\">象证实胶体</span></span></p><p style=\"margin-top:3px;margin-right:7px;margin-bottom: 0;margin-left:32px;margin-bottom:0;line-height:150%;text-autospace:none\"><span style=\"font-size: 14px;line-height: 150%;font-family: 宋体\">粒子的带电性<span style=\"letter-spacing:-1px\">。</span>胶体粒子带电是因为在其周围形成了扩散双电层<span style=\"letter-spacing:-1px\">。</span>按对固体的关系<span style=\"letter-spacing:-1px\">，</span>扩 散双电层离子可沿滑动面分为吸附层离子和扩散层离子两部分<span style=\"letter-spacing:-2px\">，</span>使固体表面和分散介质</span></p><p style=\"margin-top:2px;margin-right:33px;margin-bottom: 0;margin-left:60px;margin-bottom:0;line-height: 32px;text-autospace:none\"><span style=\"font-size: 14px;font-family: 宋体\">之间有电势差，<span style=\"letter-spacing:1px\">即</span></span><span style=\"font-size: 17px;font-family: &#39;Lucida Sans Unicode&#39;, sans-serif\">ξ</span> <span style=\"font-size: 14px;font-family: 宋体\">电势<span style=\"letter-spacing:1px\">。</span></span><span style=\"font-size: 17px;font-family: &#39;Lucida Sans Unicode&#39;, sans-serif\">ξ</span> <span style=\"font-size: 14px;font-family: 宋体\">电势的大小可通过电泳实验测得。 在外<span style=\"letter-spacing:-0\">电</span>场的作用下，根据胶体粒子的相对运动速度计算</span><span style=\"font-size: 14px;font-family: 宋体\">ζ</span><span style=\"font-size: 14px;font-family: 宋体\">电势的基本公式是：</span></p><p style=\"margin-top:0;margin-right:0;margin-bottom:0;margin-left:60px;margin-bottom:0;line-height:25px;text-autospace:none\"><span style=\"font-size: 14px;font-family: 宋体;position: relative;top: -2px\">式中:&nbsp; </span><span style=\"font-size: 17px;font-family: &#39;Lucida Sans Unicode&#39;, sans-serif;position: relative;top: -2px\">ξ</span><span style=\"font-size: 17px;font-family: &#39;Lucida Sans Unicode&#39;, sans-serif;position: relative;top: -2px;letter-spacing: -1px\">&nbsp;</span><span style=\"font-size: 14px;font-family: 宋体;position: relative;top: -2px\">－胶体粒子的电动电势(V)；</span></p><p style=\"margin-top:0;margin-right:0;margin-bottom:0;margin-left:0;margin-bottom:0;line-height:10px;text-autospace:none\"><span style=\"font-size: 10px;font-family: 宋体\">&nbsp;</span></p><p style=\"margin-top:0;margin-right:0;margin-bottom:0;margin-left:110px;margin-bottom:0;line-height:normal;text-autospace:none\"><span style=\"font-size: 17px;font-family: &#39;Lucida Sans Unicode&#39;, sans-serif\">η</span> <span style=\"font-size: 14px;font-family: 宋体\">－介质的动力粘度（Pa.s<span style=\"letter-spacing:-7px\">）</span>；</span></p><p style=\"margin-top:6px;margin-right:0;margin-bottom: 0;margin-left:109px;margin-bottom:0;line-height:normal;text-autospace:none\"><span style=\"font-size: 14px;font-family: 宋体\">d</span><span style=\"font-size: 14px;font-family: 宋体;letter-spacing: -0\">－</span><span style=\"font-size: 14px;font-family: 宋体\">溶胶界面移动的距离(m)；</span></p><p style=\"margin-top:4px;margin-right:291px;margin-bottom: 0;margin-left:109px;margin-bottom:0;line-height:31px;text-autospace:none\"><span style=\"font-size: 14px;font-family: 宋体\">l</span><span style=\"font-size: 14px;font-family: 宋体;letter-spacing: -0\">－</span><span style=\"font-size: 14px;font-family: 宋体\">两电极之间的距离(m)； </span><span style=\"font-size: 17px;font-family: &#39;Lucida Sans Unicode&#39;, sans-serif\">ε</span> <span style=\"font-size: 14px;font-family: 宋体\">－介电常数(F/m)； V<span style=\"letter-spacing:-0\">－</span>两级间的电位差(V)； t<span style=\"letter-spacing: -0\">－</span>电泳进行的时间(s)。</span></p><p style=\"margin-top:0;margin-right:7px;margin-bottom:0;margin-left:60px;margin-bottom:0;line-height:31px;text-autospace:none\"><span style=\"font-size: 14px;font-family: 宋体\">水的粘度和介电常数查附录二和附录七。 利用电泳测定电动电势有宏观法和微观法两种<span style=\"letter-spacing:-2px\">。</span>宏观法是观察在电泳管内溶胶与</span><span style=\"font-family: 宋体; font-size: 14px;\">助液间界面在电场作用下的移动速度</span><span style=\"font-family: 宋体; font-size: 14px; letter-spacing: -2px;\">。</span><span style=\"font-family: 宋体; font-size: 14px;\">微观法借助于超显微镜观察单个胶体粒子在电场</span></p><p style=\"margin-top:1px;margin-right:0;margin-bottom:0;margin-left:0;margin-bottom:0;line-height:10px;text-autospace:none\"><span style=\"font-size: 10px;font-family: 宋体\">&nbsp;</span><span style=\"font-family: 宋体; font-size: 14px;\">作用下的移动速度。本实验用宏观法测定，所使用的电泳管如图 3-1 所示。</span></p><p style=\"margin-bottom:0;margin-bottom:0;line-height: 13px;text-autospace:none\"><span style=\"font-size: 13px;font-family: 宋体\">&nbsp;</span></p><p style=\"margin-bottom:0;margin-bottom:0;line-height: 13px;text-autospace:none\"><span style=\"font-size: 13px;font-family: 宋体\">&nbsp;</span><span style=\"font-family: 黑体; text-align: center;\">三.仪器与药品</span></p><p style=\"margin-top:0;margin-right:0;margin-bottom:0;margin-left:0;margin-bottom:0;line-height:9px;text-autospace:none\"><span style=\"font-size: 9px;font-family: 黑体\">&nbsp;</span></p><p style=\"margin-top:0;margin-right:0;margin-bottom:0;margin-left:60px;margin-bottom:0;line-height:normal;text-autospace:none\"><span style=\"font-size: 14px;font-family: 宋体\">1</span><span style=\"font-size: 14px;font-family: 宋体\">．仪器</span></p><p style=\"margin-top:1px;margin-right:0;margin-bottom:0;margin-left:0;margin-bottom:0;line-height:10px;text-autospace:none\"><span style=\"font-size: 10px;font-family: 宋体\">&nbsp;</span></p><p style=\"margin-top:0;margin-right:0;margin-bottom:0;margin-left:60px;margin-bottom:0;line-height:normal;text-autospace:none\"><span style=\"font-size: 14px;font-family: 宋体\">电泳仪<span style=\"letter-spacing:-3px\">，</span>电导率仪<span style=\"letter-spacing:-3px\">，</span>电炉<span style=\"letter-spacing:-3px\">，</span>秒表<span style=\"letter-spacing:-3px\">，</span>电泳管<span style=\"letter-spacing:-3px\">，</span>电极 2 <span style=\"letter-spacing:-0\">支</span><span style=\"letter-spacing:-3px\">，</span><span style=\"letter-spacing: 0\">1</span>00mL 烧杯 2 个<span style=\"letter-spacing: -3px\">，</span><span style=\"letter-spacing:0\">5</span>0mL<span style=\"letter-spacing:-3px\">、</span>150mL、</span></p><p style=\"margin-top:1px;margin-right:0;margin-bottom:0;margin-left:0;margin-bottom:0;line-height:10px;text-autospace:none\"><span style=\"font-size: 10px;font-family: 宋体\">&nbsp;</span></p><p style=\"margin-top:0;margin-right:0;margin-bottom:0;margin-left:32px;margin-bottom:0;line-height:normal;text-autospace:none\"><span style=\"font-size: 14px;font-family: 宋体\">250mL</span><span style=\"font-size: 14px;font-family: 宋体\">、500mL 烧杯各 1 <span style=\"letter-spacing:-0\">个</span>，滴定管 2 支，滴管 6 支，10mL <span style=\"letter-spacing:-0\">量</span>筒 2 个<span style=\"letter-spacing:-0\">，</span>250mL <span style=\"letter-spacing:-0\">量</span>筒 1 个，</span></p><p style=\"margin-top:1px;margin-right:0;margin-bottom:0;margin-left:0;margin-bottom:0;line-height:10px;text-autospace:none\"><span style=\"font-size: 10px;font-family: 宋体\">&nbsp;</span></p><p style=\"margin-top:0;margin-right:0;margin-bottom:0;margin-left:32px;margin-bottom:0;line-height:normal;text-autospace:none\"><span style=\"font-size: 14px;font-family: 宋体\">100mL</span><span style=\"font-size: 14px;font-family: 宋体\">、500mL 的锥形<span style=\"letter-spacing:-0\">瓶</span>各 2 个，<span style=\"letter-spacing:-0\">试</span>管 2 支，<span style=\"letter-spacing:-0\">漏</span>斗 2 个，<span style=\"letter-spacing:-0\">洗</span>瓶 1 个。</span></p><p style=\"margin-top:1px;margin-right:0;margin-bottom:0;margin-left:0;margin-bottom:0;line-height:10px;text-autospace:none\"><span style=\"font-size: 10px;font-family: 宋体\">&nbsp;</span></p><p style=\"margin-top:0;margin-right:0;margin-bottom:0;margin-left:60px;margin-bottom:0;line-height:normal;text-autospace:none\"><span style=\"font-size: 14px;font-family: 宋体\">2．药品</span></p><p style=\"margin-top:1px;margin-right:0;margin-bottom:0;margin-left:0;margin-bottom:0;line-height:10px;text-autospace:none\"><span style=\"font-size: 10px;font-family: 宋体\">&nbsp;</span></p><p style=\"margin-top:0;margin-right:0;margin-bottom:0;margin-left:60px;margin-bottom:0;line-height:normal;text-autospace:none\"><span style=\"font-size: 14px;font-family: 宋体;position: relative;top: -1px;letter-spacing: 0\">2</span><span style=\"font-size: 14px;font-family: 宋体;position: relative;top: -1px\">0 ％ <span style=\"letter-spacing:0\">F</span><span style=\"letter-spacing:-0\">e</span><span style=\"letter-spacing:0\">Cl</span></span><span style=\"font-size: 7px;font-family: 宋体;letter-spacing: -0\">3</span><span style=\"font-size: 14px;font-family: 宋体;position: relative;top: -1px\">, <span style=\"letter-spacing: 0\">3</span>% <span style=\"letter-spacing:0\">F</span><span style=\"letter-spacing:-0\">e</span><span style=\"letter-spacing:0\">Cl</span></span><span style=\"font-size: 7px;font-family: 宋体;letter-spacing: -0\">3</span><span style=\"font-size: 14px;font-family: 宋体;position: relative;top: -1px;letter-spacing: 0\">,</span><span style=\"font-size: 14px;font-family: 宋体;position: relative;top: -1px\">, <span style=\"letter-spacing:0\">0</span><span style=\"letter-spacing:-0\">.</span><span style=\"letter-spacing:0\">0</span><span style=\"letter-spacing:-0\">2</span><span style=\"letter-spacing:0\">m</span><span style=\"letter-spacing:-0\">o</span><span style=\"letter-spacing:0\">l</span><span style=\"letter-spacing:-0\">/</span>L <span style=\"letter-spacing:0\">A</span><span style=\"letter-spacing:-0\">g</span><span style=\"letter-spacing:0\">NO</span></span><span style=\"font-size: 7px;font-family: 宋体;letter-spacing: -0\">3</span><span style=\"font-size: 14px;font-family: 宋体;position: relative;top: -1px\">, <span style=\"letter-spacing: -0\">0</span><span style=\"letter-spacing:0\">.</span><span style=\"letter-spacing:-0\">0</span><span style=\"letter-spacing:0\">2</span><span style=\"letter-spacing:-0\">m</span><span style=\"letter-spacing:0\">o</span><span style=\"letter-spacing:-0\">l</span><span style=\"letter-spacing:0\">/</span>L <span style=\"letter-spacing:0\">K</span><span style=\"letter-spacing:-0\">I</span>, <span style=\"letter-spacing:0\">0</span><span style=\"letter-spacing:-0\">.</span><span style=\"letter-spacing:0\">1</span><span style=\"letter-spacing:-0\">m</span><span style=\"letter-spacing:0\">o</span><span style=\"letter-spacing:-0\">l</span><span style=\"letter-spacing:0\">/</span>L <span style=\"letter-spacing:0\">A</span><span style=\"letter-spacing:-0\">g</span><span style=\"letter-spacing:0\">NO</span></span><span style=\"font-size: 7px;font-family: 宋体;letter-spacing: -0\">3</span><span style=\"font-size: 14px;font-family: 宋体;position: relative;top: -1px\">,</span></p><p style=\"margin-top:1px;margin-right:0;margin-bottom:0;margin-left:0;margin-bottom:0;line-height:10px;text-autospace:none\"><span style=\"font-size: 10px;font-family: 宋体\">&nbsp;</span></p><p style=\"margin-top:0;margin-right:0;margin-bottom:0;margin-left:32px;margin-bottom:0;line-height:normal;text-autospace:none\"><span style=\"font-size: 14px;font-family: 宋体;position: relative;top: -1px;letter-spacing: 0\">1</span><span style=\"font-size: 14px;font-family: 宋体;position: relative;top: -1px;letter-spacing: -0\">0</span><span style=\"font-size: 14px;font-family: 宋体;position: relative;top: -1px;letter-spacing: 0\">%</span><span style=\"font-size: 14px;font-family: 宋体;position: relative;top: -1px;letter-spacing: -0\">N</span><span style=\"font-size: 14px;font-family: 宋体;position: relative;top: -1px;letter-spacing: 0\">H</span><span style=\"font-size: 7px;font-family: 宋体\">3</span><span style=\"font-size: 14px;font-family: 宋体;position: relative;top: -1px;letter-spacing: -0\">.</span><span style=\"font-size: 14px;font-family: 宋体;position: relative;top: -1px;letter-spacing: 0\">H</span><span style=\"font-size: 7px;font-family: 宋体\">2</span><span style=\"font-size: 14px;font-family: 宋体;position: relative;top: -1px\">O, 0.01mol/L KCl, 2%松<span style=\"letter-spacing:-0\">香</span>乙醇溶液，火棉胶。</span></p><p style=\"margin-bottom:0;margin-bottom:0;line-height: 13px;text-autospace:none\"><span style=\"font-size: 13px;font-family: 宋体\"></span><br/></p><p style=\"margin-top:1px;margin-right:0;margin-bottom:0;margin-left:0;margin-bottom:0;line-height:15px;text-autospace:none\"><span style=\"font-family: 宋体\">&nbsp;</span></p><p><br/></p>');

-- ----------------------------
-- Table structure for `lablog`
-- ----------------------------
DROP TABLE IF EXISTS `lablog`;
CREATE TABLE `lablog` (
  `id` varchar(32) NOT NULL,
  `labid` varchar(32) default NULL COMMENT '实验',
  `time` varchar(32) default NULL COMMENT '实验时间',
  `remarks` text COMMENT '实验记录',
  `userid` varchar(32) default NULL,
  PRIMARY KEY  (`id`)
) ENGINE=InnoDB DEFAULT CHARSET=utf8;

-- ----------------------------
-- Records of lablog
-- ----------------------------
INSERT INTO `lablog` VALUES ('137ba3ffc29649cb9016d2f14c9e3d55', '4a26616f3ec64a88aa7fcc2618443c1b', '2018年4月18', '<p>&nbsp; &nbsp; 宋丹丹等等等等等等等等等等等等等等等等等等</p>', 'e5493e9c1f6041948468b9916648ac30');

-- ----------------------------
-- Table structure for `libr`
-- ----------------------------
DROP TABLE IF EXISTS `libr`;
CREATE TABLE `libr` (
  `id` varchar(32) NOT NULL,
  `name` varchar(128) default NULL COMMENT '实验室名称',
  `kebiao` varchar(128) default NULL COMMENT '课表（图片地址）',
  `location` varchar(128) default NULL,
  PRIMARY KEY  (`id`)
) ENGINE=InnoDB DEFAULT CHARSET=utf8;

-- ----------------------------
-- Records of libr
-- ----------------------------
INSERT INTO `libr` VALUES ('08b405d6a5844b7788a286d9f28dfb56', '一号实验室', 'upload/20180729150227.JPG', '一号实验室的地点');
INSERT INTO `libr` VALUES ('4d8a89b5d7ee4ae38096915268fadeed', '三号实验室', null, '三号实验室的地点');
INSERT INTO `libr` VALUES ('ade1bc6df541489da91a8a40871eec9e', '四号实验室', null, null);
INSERT INTO `libr` VALUES ('f52e8400d7b247c49050faa5abc568ed', '二号实验室', null, null);

-- ----------------------------
-- Table structure for `menu`
-- ----------------------------
DROP TABLE IF EXISTS `menu`;
CREATE TABLE `menu` (
  `menuId` varchar(32) NOT NULL COMMENT '菜单ID',
  `menuName` varchar(50) default NULL COMMENT '名称',
  `menuUrl` varchar(100) default NULL COMMENT '方法',
  `parentId` varchar(32) default NULL COMMENT '父ID',
  `menuDescription` varchar(200) default NULL COMMENT '描述',
  `state` varchar(20) default NULL COMMENT '状态/OPEN/CLOSED',
  `iconCls` varchar(50) default NULL COMMENT '图标',
  `seq` int(11) default NULL COMMENT '顺序排序',
  PRIMARY KEY  (`menuId`)
) ENGINE=InnoDB DEFAULT CHARSET=utf8;

-- ----------------------------
-- Records of menu
-- ----------------------------
INSERT INTO `menu` VALUES ('03c179fbfa864d52993491230d9b32c9', '实验申请', 'bespoke/myindex.htm', 'a3198c387c404d8e8d3ff5f2343425d1', '', 'open', 'icon-14', '2');
INSERT INTO `menu` VALUES ('05fc2e980784475783650d393b621fff', '器材用品管理', 'mfr/index.htm', '6352792e06da43a9b4fe94a960b5a748', '', 'open', 'icon-259', '3');
INSERT INTO `menu` VALUES ('1b6ed9d5d3a94b768f1f1019d586a410', '实验室管理系统', '', '-1', '主菜单', 'closed', 'icon-home', '1');
INSERT INTO `menu` VALUES ('284cb509a8de40e086f65d2a006a2e8e', '维护信息', 'repair/index.htm', '6352792e06da43a9b4fe94a960b5a748', '', 'open', 'icon-324', '5');
INSERT INTO `menu` VALUES ('488423c0946c45508788d1f8cb1c0d99', '材料带出申请', 'takeout/myindex.htm', 'a3198c387c404d8e8d3ff5f2343425d1', '', 'open', 'icon-28', '9');
INSERT INTO `menu` VALUES ('54475f4f787b45daa3df6f2ee0b312aa', '系统信息管理', '', '1b6ed9d5d3a94b768f1f1019d586a410', '', 'closed', 'icon-permission', '1');
INSERT INTO `menu` VALUES ('57eaa9b9379c4494a82da9d6e82a4e92', '器材类型管理', 'type/index.htm', '6352792e06da43a9b4fe94a960b5a748', '', 'open', 'icon-4', '2');
INSERT INTO `menu` VALUES ('5b0fdd8004b34b79b1a9a3e98b5dbeec', '学生实验申请', 'bespoke/index.htm', 'a3198c387c404d8e8d3ff5f2343425d1', '', 'open', 'icon-73', '2');
INSERT INTO `menu` VALUES ('5c796c8fedf8430b8f07dfe27f4c48dd', '角色信息管理', 'role/roleIndex.htm', '54475f4f787b45daa3df6f2ee0b312aa', '', 'open', 'icon-486', '3');
INSERT INTO `menu` VALUES ('6352792e06da43a9b4fe94a960b5a748', '基础信息管理', '', '1b6ed9d5d3a94b768f1f1019d586a410', '', 'closed', 'icon-80', '2');
INSERT INTO `menu` VALUES ('922b1f2962574a9084f80ea0ceb2f0c5', '菜单信息管理', 'menu/menuIndex.htm', '54475f4f787b45daa3df6f2ee0b312aa', '', 'open', 'icon-menuManage', '4');
INSERT INTO `menu` VALUES ('a3198c387c404d8e8d3ff5f2343425d1', '实验管理', '', '1b6ed9d5d3a94b768f1f1019d586a410', '', 'closed', 'icon-106', '3');
INSERT INTO `menu` VALUES ('a7b26effae0b4bccb53a88b8328b7bf2', '库存明细', 'stock/stockIndex.htm', '6352792e06da43a9b4fe94a960b5a748', '', 'open', 'icon-363', '4');
INSERT INTO `menu` VALUES ('ac93a497b8b14991b7466359f123f9a0', '我的问题', 'question/myindex.htm', 'a3198c387c404d8e8d3ff5f2343425d1', '', 'open', 'icon-256', '6');
INSERT INTO `menu` VALUES ('c36e15a073234d0c99d9cf5d0119aeb6', '问题列表', 'question/index.htm', 'a3198c387c404d8e8d3ff5f2343425d1', '', 'open', 'icon-270', '7');
INSERT INTO `menu` VALUES ('c6a6b07df6894034ac68c0f9a248792a', '实验发布', 'lab/labIndex.htm', 'a3198c387c404d8e8d3ff5f2343425d1', '', 'open', 'icon-430', '1');
INSERT INTO `menu` VALUES ('d816f0c9b781428792e34414110b4233', '材料带出记录', 'takeout/index.htm', 'a3198c387c404d8e8d3ff5f2343425d1', '', 'open', 'icon-44', '10');
INSERT INTO `menu` VALUES ('da61094c86834c32af7cb9e948ebc40c', '助教管理', 'user/zhujiaoIndex.htm', '54475f4f787b45daa3df6f2ee0b312aa', '1', 'open', 'icon-27', '4');
INSERT INTO `menu` VALUES ('e016120f875a4594ba4f615142f32fca', '实验室信息', 'libr/index.htm', '6352792e06da43a9b4fe94a960b5a748', '', 'open', 'icon-435', '1');
INSERT INTO `menu` VALUES ('e4248164ee8047d0a398329cf2c5c9ee', '实验日志记录', 'lablog/myindex.htm', 'a3198c387c404d8e8d3ff5f2343425d1', '学生界面', 'open', 'icon-117', '4');
INSERT INTO `menu` VALUES ('e5d0e4450ad7401eb8b8d08a21200d9a', '实验日志', 'lablog/index.htm', 'a3198c387c404d8e8d3ff5f2343425d1', '', 'open', 'icon-15', '6');
INSERT INTO `menu` VALUES ('f6c7b05fef0d4b75a3496fcf281c2524', '用户信息管理', 'user/userIndex.htm', '54475f4f787b45daa3df6f2ee0b312aa', '', 'open', 'icon-489', '2');

-- ----------------------------
-- Table structure for `mfr`
-- ----------------------------
DROP TABLE IF EXISTS `mfr`;
CREATE TABLE `mfr` (
  `id` varchar(32) NOT NULL,
  `typeid` varchar(32) default NULL COMMENT '所属类型',
  `name` varchar(128) default NULL COMMENT '名称',
  `code` varchar(128) default NULL COMMENT '编号',
  `librid` varchar(32) default NULL COMMENT '所属实验室',
  `num` int(11) default NULL COMMENT '总数',
  `remarks` varchar(512) default NULL COMMENT '描述信息',
  PRIMARY KEY  (`id`)
) ENGINE=InnoDB DEFAULT CHARSET=utf8;

-- ----------------------------
-- Records of mfr
-- ----------------------------
INSERT INTO `mfr` VALUES ('32d101dbfb3548069122641200666e69', 'cbc79a11a3614b8babcad0f97ec5879d', '100ML烧杯', '1002', '08b405d6a5844b7788a286d9f28dfb56', '478', null);
INSERT INTO `mfr` VALUES ('7d67ce16f09144829c9a66ec5c19dc98', 'cbc79a11a3614b8babcad0f97ec5879d', '500ML烧杯', '1001', '08b405d6a5844b7788a286d9f28dfb56', '97', null);
INSERT INTO `mfr` VALUES ('abe2ac50962e4d31b53184cbef924d5f', 'cbc79a11a3614b8babcad0f97ec5879d', '50ML试管', '1003', 'ade1bc6df541489da91a8a40871eec9e', '0', null);

-- ----------------------------
-- Table structure for `operation`
-- ----------------------------
DROP TABLE IF EXISTS `operation`;
CREATE TABLE `operation` (
  `operationId` varchar(64) NOT NULL COMMENT '具体的方法',
  `operationName` varchar(100) default NULL COMMENT '方法名',
  `menuId` varchar(32) default NULL COMMENT '所属菜单',
  `menuName` varchar(50) default NULL,
  PRIMARY KEY  (`operationId`),
  KEY `menuId` (`menuId`)
) ENGINE=InnoDB DEFAULT CHARSET=utf8 COMMENT='具体的页面按钮上的方法\r\n（此自增ID至少从10000开始）';

-- ----------------------------
-- Records of operation
-- ----------------------------
INSERT INTO `operation` VALUES ('04acdcec2bfb4a48b00f3c35f31283', '发布', 'c6a6b07df6894034ac68c0f9a248792a', '实验发布');
INSERT INTO `operation` VALUES ('04af3a6c73e54a5790b58755177052', '材料管理', '03c179fbfa864d52993491230d9b32c9', '实验申请');
INSERT INTO `operation` VALUES ('05da9b23441449b88cf56a3c762b4c', '授权', '5c796c8fedf8430b8f07dfe27f4c48dd', '角色管理');
INSERT INTO `operation` VALUES ('0f12b2cb56734e8d8887ceb796ac34', '修改', 'e5d0e4450ad7401eb8b8d08a21200d9a', '实验日志');
INSERT INTO `operation` VALUES ('103d173ba45c4632ac574777dfc43f', '删除', 'ac93a497b8b14991b7466359f123f9a0', '我的问题');
INSERT INTO `operation` VALUES ('153ed09ddebf4566af1d35a5d3c67a', '删除', 'e5d0e4450ad7401eb8b8d08a21200d9a', '实验日志');
INSERT INTO `operation` VALUES ('1cd7accdd24d4177bb4e686daf5dac', '修改', '03c179fbfa864d52993491230d9b32c9', '实验申请');
INSERT INTO `operation` VALUES ('261c91fed4aa4dd19f06341b8b6de9', '添加', '05fc2e980784475783650d393b621fff', '器材用品管理');
INSERT INTO `operation` VALUES ('2b6cb04344924f0ba2fe398486a597', '修改', '284cb509a8de40e086f65d2a006a2e8e', '维护信息');
INSERT INTO `operation` VALUES ('32dfafc36c794580b8c93f5f28da48', '添加维护信息', '05fc2e980784475783650d393b621fff', '器材用品管理');
INSERT INTO `operation` VALUES ('3734956ea23047358ded4f70dcc905', '添加', 'e016120f875a4594ba4f615142f32fca', '实验室信息');
INSERT INTO `operation` VALUES ('3966dc2ca39a408c9a5fc62ef615f1', '材料查看', 'd816f0c9b781428792e34414110b4233', '材料带出记录');
INSERT INTO `operation` VALUES ('3b34c2b565e74068b6afd9fe7c8fb4', '申请', '03c179fbfa864d52993491230d9b32c9', '实验申请');
INSERT INTO `operation` VALUES ('54b8d31e6b5a43f2895f4a6851bd0b', '材料查看', '5b0fdd8004b34b79b1a9a3e98b5dbeec', '学生实验申请');
INSERT INTO `operation` VALUES ('5673710690c8427cbf7050cc7c3b55', '修改', '57eaa9b9379c4494a82da9d6e82a4e92', '器材类型管理');
INSERT INTO `operation` VALUES ('570c269b28dc483da09f32fa75fb1c', '添加', '5c796c8fedf8430b8f07dfe27f4c48dd', '角色管理');
INSERT INTO `operation` VALUES ('58d8ef3ba8c94bc892b3acee54aa16', '修改', '05fc2e980784475783650d393b621fff', '器材用品管理');
INSERT INTO `operation` VALUES ('63b7c8c874bd4072ae6a7eeafefddd', '删除', '488423c0946c45508788d1f8cb1c0d99', '材料带出申请');
INSERT INTO `operation` VALUES ('68b3ef20be634bd7b2527488eb94fc', '入库', '05fc2e980784475783650d393b621fff', '器材用品管理');
INSERT INTO `operation` VALUES ('698649f24d7940aeaa66877a72609b', '提问', 'ac93a497b8b14991b7466359f123f9a0', '我的问题');
INSERT INTO `operation` VALUES ('6bf2b136fb3e491dbfa2568d4ead80', '申请', '488423c0946c45508788d1f8cb1c0d99', '材料带出申请');
INSERT INTO `operation` VALUES ('6de09cc41d834dd3a5b66f9bcbc3a9', '删除', '922b1f2962574a9084f80ea0ceb2f0c5', '菜单管理');
INSERT INTO `operation` VALUES ('6f68ffe2fc7b44b480599369d64728', '删除', 'e4248164ee8047d0a398329cf2c5c9ee', '实验日志记录');
INSERT INTO `operation` VALUES ('73776d437a7c4ea2a2ac9126aa6a98', '材料申请', '488423c0946c45508788d1f8cb1c0d99', '材料带出申请');
INSERT INTO `operation` VALUES ('7581831ec7504ea592241df49441b5', '删除', '5c796c8fedf8430b8f07dfe27f4c48dd', '角色管理');
INSERT INTO `operation` VALUES ('78cfc2d05f394e619300c3c22ba51c', '添加', '922b1f2962574a9084f80ea0ceb2f0c5', '菜单管理');
INSERT INTO `operation` VALUES ('795f2fefd6ea4e4cae96ef6633ca9a', '修改', '5c796c8fedf8430b8f07dfe27f4c48dd', '角色管理');
INSERT INTO `operation` VALUES ('7e609bcf3b5b4313bd6bd01e1bcb36', '添加', 'f6c7b05fef0d4b75a3496fcf281c2524', '用户管理');
INSERT INTO `operation` VALUES ('7f1f1c3bf1de4e5fbc8e95a4851871', '修改', '922b1f2962574a9084f80ea0ceb2f0c5', '菜单管理');
INSERT INTO `operation` VALUES ('815fb822ed0a489a9e6abea0b1afdd', '修改', '488423c0946c45508788d1f8cb1c0d99', '材料带出申请');
INSERT INTO `operation` VALUES ('833e094bd4bc42e190cd29d26f6bf2', '取消', 'da61094c86834c32af7cb9e948ebc40c', '助教管理');
INSERT INTO `operation` VALUES ('867680786c01456f80b4d57e8d03c4', '添加', '57eaa9b9379c4494a82da9d6e82a4e92', '器材类型管理');
INSERT INTO `operation` VALUES ('874b9de0f893477abc38ce91f629c9', '修改', 'e016120f875a4594ba4f615142f32fca', '实验室信息');
INSERT INTO `operation` VALUES ('8a08a12920684cd58c0a8e6b9205eb', '同意', 'd816f0c9b781428792e34414110b4233', '材料带出记录');
INSERT INTO `operation` VALUES ('8a0c7db085ca46328dfcbf8ae8e82b', '删除', '05fc2e980784475783650d393b621fff', '器材用品管理');
INSERT INTO `operation` VALUES ('8a5cc94bc02c4ec9a082524bc9b396', '修改', 'f6c7b05fef0d4b75a3496fcf281c2524', '用户管理');
INSERT INTO `operation` VALUES ('916a633a38f54f3ca58d25cc40ec70', '删除', '284cb509a8de40e086f65d2a006a2e8e', '维护信息');
INSERT INTO `operation` VALUES ('9f47fac434d4439093d30a528c436c', '设置', 'da61094c86834c32af7cb9e948ebc40c', '助教管理');
INSERT INTO `operation` VALUES ('a0a6c12d03c4453b964f430b7c0376', '删除', 'd816f0c9b781428792e34414110b4233', '材料带出记录');
INSERT INTO `operation` VALUES ('a1efa6eca3554e5e93ade8cc74bdff', '修改', 'c6a6b07df6894034ac68c0f9a248792a', '实验发布');
INSERT INTO `operation` VALUES ('ac9fbc02af464688a5516254779a14', '回答', 'c36e15a073234d0c99d9cf5d0119aeb6', '问题列表');
INSERT INTO `operation` VALUES ('aefe144fc5584ef3a0719de5b7c54f', '出库', '05fc2e980784475783650d393b621fff', '器材用品管理');
INSERT INTO `operation` VALUES ('b1fa704302a94d798179681eb3119d', '删除', 'e016120f875a4594ba4f615142f32fca', '实验室信息');
INSERT INTO `operation` VALUES ('b9d2596fb6914b8392809ec16be0cb', '删除', 'f6c7b05fef0d4b75a3496fcf281c2524', '用户管理');
INSERT INTO `operation` VALUES ('bdac381a365044c2a41e97c9c4ae86', '删除', 'c6a6b07df6894034ac68c0f9a248792a', '实验发布');
INSERT INTO `operation` VALUES ('c72812ca589844ba872c623a866f69', '修改', 'e4248164ee8047d0a398329cf2c5c9ee', '实验日志记录');
INSERT INTO `operation` VALUES ('ca8fce615cf748198ff26c3e274892', '不同意', 'd816f0c9b781428792e34414110b4233', '材料带出记录');
INSERT INTO `operation` VALUES ('d07801335eae462fafa9ad3e517e24', '删除', '57eaa9b9379c4494a82da9d6e82a4e92', '器材类型管理');
INSERT INTO `operation` VALUES ('d4c7392bd56a4f4fa1cdd63584a17a', '发布', 'e4248164ee8047d0a398329cf2c5c9ee', '实验日志记录');
INSERT INTO `operation` VALUES ('d9fdad817ce742338df528624eccf4', '修改', 'ac93a497b8b14991b7466359f123f9a0', '我的问题');
INSERT INTO `operation` VALUES ('dc565f8937714c5a8b6e781374650a', '删除', 'c36e15a073234d0c99d9cf5d0119aeb6', '问题列表');
INSERT INTO `operation` VALUES ('e7bc36ebe3c5441eb3d2617ef4cc73', '审批不同意', '5b0fdd8004b34b79b1a9a3e98b5dbeec', '学生实验申请');
INSERT INTO `operation` VALUES ('e7ce16fcd4ed464a82173c3be6036b', '删除', '03c179fbfa864d52993491230d9b32c9', '实验申请');
INSERT INTO `operation` VALUES ('ebf5a2f3af5f4d67ad05fd9a5691b2', '按钮管理', '922b1f2962574a9084f80ea0ceb2f0c5', '菜单管理');
INSERT INTO `operation` VALUES ('eee4882ce11f4589a338518231390e', '删除', '5b0fdd8004b34b79b1a9a3e98b5dbeec', '学生实验申请');
INSERT INTO `operation` VALUES ('f66cabb173e04fec98853ab3569cb4', '审批同意', '5b0fdd8004b34b79b1a9a3e98b5dbeec', '学生实验申请');

-- ----------------------------
-- Table structure for `question`
-- ----------------------------
DROP TABLE IF EXISTS `question`;
CREATE TABLE `question` (
  `id` varchar(32) default NULL,
  `title` varchar(64) default NULL COMMENT '标题',
  `asktime` varchar(32) default NULL COMMENT '提问时间',
  `askuserid` varchar(32) default NULL COMMENT '提问人',
  `content` text COMMENT '提问内容',
  `answeruserid` varchar(32) default NULL COMMENT '回答人',
  `answertime` varchar(32) default NULL COMMENT '回答hi时间',
  `answer` text COMMENT '回答的内容',
  `status` char(1) default '0' COMMENT '0没回答  1已经回答'
) ENGINE=InnoDB DEFAULT CHARSET=utf8;

-- ----------------------------
-- Records of question
-- ----------------------------
INSERT INTO `question` VALUES ('36ce91b3a4bf4f29b4dbf97a37d0442e', '学生2的第一个问题', '2018-04-20 16:12:00', 'e5493e9c1f6041948468b9916648ac30', '<p>这里面是第一个问题的内容</p>', null, null, null, '0');
INSERT INTO `question` VALUES ('a235d8a534c0477ca9b12c11465fa3d3', '学生2的第二个问题', '2018-04-20 16:12:30', 'e5493e9c1f6041948468b9916648ac30', '<p>学生2的&nbsp; &nbsp; 第二个问题的内容</p>', '3f2468d7b8c24e1d97b33d1861213499', '2018-07-29 15:17:31', '<p>huidaiaaaa</p>', '1');
INSERT INTO `question` VALUES ('b2168750d5694fa69f4bff34b40504b9', '学生1的问题', '2018-04-20 16:24:20', 'ce51494957814c98a85831ce1150ab49', '<p>111&nbsp; &nbsp; 1</p>', '3f2468d7b8c24e1d97b33d1861213499', '2018-04-20 16:25:38', '阿斯大苏打三大<p>	</p>', '1');

-- ----------------------------
-- Table structure for `repair`
-- ----------------------------
DROP TABLE IF EXISTS `repair`;
CREATE TABLE `repair` (
  `id` varchar(32) default NULL,
  `mfrid` varchar(32) default NULL COMMENT '器材',
  `time` varchar(32) default NULL COMMENT '时间',
  `remarks` text COMMENT '维护信息'
) ENGINE=InnoDB DEFAULT CHARSET=utf8;

-- ----------------------------
-- Records of repair
-- ----------------------------
INSERT INTO `repair` VALUES ('43816af049d144f890d62d0988ce5986', '7d67ce16f09144829c9a66ec5c19dc98', '2018-04-20 16:25:09', '<p>&nbsp; &nbsp; 三四场v</p>');

-- ----------------------------
-- Table structure for `role`
-- ----------------------------
DROP TABLE IF EXISTS `role`;
CREATE TABLE `role` (
  `roleId` varchar(32) NOT NULL COMMENT '角色ID',
  `roleName` varchar(20) default NULL COMMENT '角色名称',
  `menuIds` longtext COMMENT '菜单IDs',
  `operationIds` longtext COMMENT '按钮IDS',
  `roleDescription` varchar(200) default NULL COMMENT '描述',
  PRIMARY KEY  (`roleId`)
) ENGINE=InnoDB DEFAULT CHARSET=utf8;

-- ----------------------------
-- Records of role
-- ----------------------------
INSERT INTO `role` VALUES ('1', '超级管理员', '1b6ed9d5d3a94b768f1f1019d586a410,54475f4f787b45daa3df6f2ee0b312aa,f6c7b05fef0d4b75a3496fcf281c2524,5c796c8fedf8430b8f07dfe27f4c48dd,922b1f2962574a9084f80ea0ceb2f0c5,6352792e06da43a9b4fe94a960b5a748,e016120f875a4594ba4f615142f32fca,57eaa9b9379c4494a82da9d6e82a4e92,05fc2e980784475783650d393b621fff,a7b26effae0b4bccb53a88b8328b7bf2,284cb509a8de40e086f65d2a006a2e8e,a3198c387c404d8e8d3ff5f2343425d1,c6a6b07df6894034ac68c0f9a248792a,03c179fbfa864d52993491230d9b32c9,5b0fdd8004b34b79b1a9a3e98b5dbeec,e4248164ee8047d0a398329cf2c5c9ee,ac93a497b8b14991b7466359f123f9a0,e5d0e4450ad7401eb8b8d08a21200d9a,c36e15a073234d0c99d9cf5d0119aeb6,488423c0946c45508788d1f8cb1c0d99,d816f0c9b781428792e34414110b4233', '7e609bcf3b5b4313bd6bd01e1bcb36,8a5cc94bc02c4ec9a082524bc9b396,b9d2596fb6914b8392809ec16be0cb,05da9b23441449b88cf56a3c762b4c,570c269b28dc483da09f32fa75fb1c,7581831ec7504ea592241df49441b5,795f2fefd6ea4e4cae96ef6633ca9a,6de09cc41d834dd3a5b66f9bcbc3a9,78cfc2d05f394e619300c3c22ba51c,7f1f1c3bf1de4e5fbc8e95a4851871,ebf5a2f3af5f4d67ad05fd9a5691b2,3734956ea23047358ded4f70dcc905,874b9de0f893477abc38ce91f629c9,b1fa704302a94d798179681eb3119d,5673710690c8427cbf7050cc7c3b55,867680786c01456f80b4d57e8d03c4,d07801335eae462fafa9ad3e517e24,261c91fed4aa4dd19f06341b8b6de9,32dfafc36c794580b8c93f5f28da48,58d8ef3ba8c94bc892b3acee54aa16,68b3ef20be634bd7b2527488eb94fc,8a0c7db085ca46328dfcbf8ae8e82b,aefe144fc5584ef3a0719de5b7c54f,2b6cb04344924f0ba2fe398486a597,916a633a38f54f3ca58d25cc40ec70,04acdcec2bfb4a48b00f3c35f31283,a1efa6eca3554e5e93ade8cc74bdff,bdac381a365044c2a41e97c9c4ae86,04af3a6c73e54a5790b58755177052,1cd7accdd24d4177bb4e686daf5dac,3b34c2b565e74068b6afd9fe7c8fb4,e7ce16fcd4ed464a82173c3be6036b,54b8d31e6b5a43f2895f4a6851bd0b,e7bc36ebe3c5441eb3d2617ef4cc73,eee4882ce11f4589a338518231390e,f66cabb173e04fec98853ab3569cb4,6f68ffe2fc7b44b480599369d64728,c72812ca589844ba872c623a866f69,d4c7392bd56a4f4fa1cdd63584a17a,103d173ba45c4632ac574777dfc43f,698649f24d7940aeaa66877a72609b,d9fdad817ce742338df528624eccf4,0f12b2cb56734e8d8887ceb796ac34,153ed09ddebf4566af1d35a5d3c67a,ac9fbc02af464688a5516254779a14,dc565f8937714c5a8b6e781374650a,63b7c8c874bd4072ae6a7eeafefddd,6bf2b136fb3e491dbfa2568d4ead80,73776d437a7c4ea2a2ac9126aa6a98,815fb822ed0a489a9e6abea0b1afdd,3966dc2ca39a408c9a5fc62ef615f1,8a08a12920684cd58c0a8e6b9205eb,a0a6c12d03c4453b964f430b7c0376,ca8fce615cf748198ff26c3e274892', '拥有全部权限的超级管理员角色');
INSERT INTO `role` VALUES ('511d52ad07a2447db7ed50f465e4253a', '助教', '1b6ed9d5d3a94b768f1f1019d586a410,6352792e06da43a9b4fe94a960b5a748,05fc2e980784475783650d393b621fff,a7b26effae0b4bccb53a88b8328b7bf2,284cb509a8de40e086f65d2a006a2e8e,a3198c387c404d8e8d3ff5f2343425d1,e5d0e4450ad7401eb8b8d08a21200d9a,c36e15a073234d0c99d9cf5d0119aeb6', '32dfafc36c794580b8c93f5f28da48,68b3ef20be634bd7b2527488eb94fc,aefe144fc5584ef3a0719de5b7c54f,2b6cb04344924f0ba2fe398486a597,916a633a38f54f3ca58d25cc40ec70,0f12b2cb56734e8d8887ceb796ac34,153ed09ddebf4566af1d35a5d3c67a,ac9fbc02af464688a5516254779a14,dc565f8937714c5a8b6e781374650a', '实验老师已经安排的助教');
INSERT INTO `role` VALUES ('adbae7490a234f64b3bce0e9ec3b8a57', '老师', '1b6ed9d5d3a94b768f1f1019d586a410,54475f4f787b45daa3df6f2ee0b312aa,da61094c86834c32af7cb9e948ebc40c,6352792e06da43a9b4fe94a960b5a748,e016120f875a4594ba4f615142f32fca,57eaa9b9379c4494a82da9d6e82a4e92,05fc2e980784475783650d393b621fff,a3198c387c404d8e8d3ff5f2343425d1,c6a6b07df6894034ac68c0f9a248792a,5b0fdd8004b34b79b1a9a3e98b5dbeec,d816f0c9b781428792e34414110b4233', '833e094bd4bc42e190cd29d26f6bf2,9f47fac434d4439093d30a528c436c,3734956ea23047358ded4f70dcc905,874b9de0f893477abc38ce91f629c9,b1fa704302a94d798179681eb3119d,5673710690c8427cbf7050cc7c3b55,867680786c01456f80b4d57e8d03c4,d07801335eae462fafa9ad3e517e24,261c91fed4aa4dd19f06341b8b6de9,58d8ef3ba8c94bc892b3acee54aa16,8a0c7db085ca46328dfcbf8ae8e82b,04acdcec2bfb4a48b00f3c35f31283,a1efa6eca3554e5e93ade8cc74bdff,bdac381a365044c2a41e97c9c4ae86,54b8d31e6b5a43f2895f4a6851bd0b,e7bc36ebe3c5441eb3d2617ef4cc73,eee4882ce11f4589a338518231390e,f66cabb173e04fec98853ab3569cb4,3966dc2ca39a408c9a5fc62ef615f1,8a08a12920684cd58c0a8e6b9205eb,a0a6c12d03c4453b964f430b7c0376,ca8fce615cf748198ff26c3e274892', '');
INSERT INTO `role` VALUES ('cf102b4bba17469295d456cba408391c', '助教（未）', null, null, '实验老师没有安排的助教');
INSERT INTO `role` VALUES ('d54d520b1d944e81a76f5c901926b63e', '学生', '1b6ed9d5d3a94b768f1f1019d586a410,a3198c387c404d8e8d3ff5f2343425d1,c6a6b07df6894034ac68c0f9a248792a,03c179fbfa864d52993491230d9b32c9,e4248164ee8047d0a398329cf2c5c9ee,ac93a497b8b14991b7466359f123f9a0,488423c0946c45508788d1f8cb1c0d99', '04af3a6c73e54a5790b58755177052,1cd7accdd24d4177bb4e686daf5dac,3b34c2b565e74068b6afd9fe7c8fb4,e7ce16fcd4ed464a82173c3be6036b,6f68ffe2fc7b44b480599369d64728,c72812ca589844ba872c623a866f69,d4c7392bd56a4f4fa1cdd63584a17a,103d173ba45c4632ac574777dfc43f,698649f24d7940aeaa66877a72609b,d9fdad817ce742338df528624eccf4,63b7c8c874bd4072ae6a7eeafefddd,6bf2b136fb3e491dbfa2568d4ead80,73776d437a7c4ea2a2ac9126aa6a98,815fb822ed0a489a9e6abea0b1afdd', '');

-- ----------------------------
-- Table structure for `stock`
-- ----------------------------
DROP TABLE IF EXISTS `stock`;
CREATE TABLE `stock` (
  `id` varchar(32) NOT NULL,
  `mfrid` varchar(32) default NULL COMMENT '器材名称',
  `thisnum` int(11) default NULL COMMENT '变更数量',
  `totalnum` int(11) default NULL COMMENT '剩余总数',
  `type` varchar(32) default NULL COMMENT '借出，归还，购买，损坏',
  `time` varchar(32) default NULL COMMENT '操作时间',
  `name` varchar(32) default NULL COMMENT '操作人',
  `remarks` varchar(512) default NULL,
  PRIMARY KEY  (`id`)
) ENGINE=InnoDB DEFAULT CHARSET=utf8;

-- ----------------------------
-- Records of stock
-- ----------------------------
INSERT INTO `stock` VALUES ('5b00f2b6d06d4bbc95112b8dcaac7740', '7d67ce16f09144829c9a66ec5c19dc98', '3', '97', '损毁', '2018-04-20 16:40:08', '王六', '王六实验损毁');
INSERT INTO `stock` VALUES ('a09c809acde243929c261b550cf11854', '7d67ce16f09144829c9a66ec5c19dc98', '100', '100', '购买', '2018-04-20 16:39:41', '李四', '从李四处购买');
INSERT INTO `stock` VALUES ('ff58ac86cc0c4bf6b9a9ba5af6d5bb8a', '32d101dbfb3548069122641200666e69', '300', '478', '购买', '2018-04-20 16:25:00', '张三', '从张三处购买300');

-- ----------------------------
-- Table structure for `takeout`
-- ----------------------------
DROP TABLE IF EXISTS `takeout`;
CREATE TABLE `takeout` (
  `id` varchar(32) NOT NULL,
  `starttime` varchar(256) default NULL COMMENT '预约借出实验室的时间',
  `title` varchar(64) default NULL COMMENT '标题',
  `userid` varchar(32) default NULL,
  `approvetime` varchar(32) default NULL,
  `approveresult` varchar(32) default '未审批',
  `applytime` varchar(32) default NULL,
  `returntime` varchar(32) default NULL,
  `jingbanren` varchar(32) default NULL,
  `reason` varchar(256) default NULL,
  PRIMARY KEY  (`id`)
) ENGINE=InnoDB DEFAULT CHARSET=utf8;

-- ----------------------------
-- Records of takeout
-- ----------------------------
INSERT INTO `takeout` VALUES ('bb0fd2ee610f42098a758fdb1ca33e76', '2018-04-23', '11', 'ce51494957814c98a85831ce1150ab49', '2018-04-23 18:51:35', '同意', '2018-04-23 18:51:16', '2018-04-24', '22', '333');
INSERT INTO `takeout` VALUES ('be8ecc41a2554027a6ff6abd9d0bb77c', '2018-04-20', '带出去', 'e5493e9c1f6041948468b9916648ac30', null, '未审批', '2018-04-20 16:12:42', '2018-04-21', null, null);

-- ----------------------------
-- Table structure for `takeoutmfr`
-- ----------------------------
DROP TABLE IF EXISTS `takeoutmfr`;
CREATE TABLE `takeoutmfr` (
  `id` varchar(32) default NULL,
  `takeoutid` varchar(32) default NULL,
  `mfrid` varchar(32) default NULL,
  `num` int(11) default NULL,
  `mfrsitua` varchar(256) default NULL
) ENGINE=InnoDB DEFAULT CHARSET=utf8;

-- ----------------------------
-- Records of takeoutmfr
-- ----------------------------
INSERT INTO `takeoutmfr` VALUES ('1daea7dcb42b4d2cbadd0723bb138f0d', 'be8ecc41a2554027a6ff6abd9d0bb77c', '7d67ce16f09144829c9a66ec5c19dc98', '3', null);

-- ----------------------------
-- Table structure for `type`
-- ----------------------------
DROP TABLE IF EXISTS `type`;
CREATE TABLE `type` (
  `id` varchar(32) default NULL,
  `name` varchar(128) default NULL
) ENGINE=InnoDB DEFAULT CHARSET=utf8;

-- ----------------------------
-- Records of type
-- ----------------------------
INSERT INTO `type` VALUES ('e982864c6ec84c9dbeedc956a4358e7a', '反应容器');
INSERT INTO `type` VALUES ('cbc79a11a3614b8babcad0f97ec5879d', '盛放容器');
INSERT INTO `type` VALUES ('b630cdb5ad574c2daa80b30176ecd78a', '测量仪器');
INSERT INTO `type` VALUES ('bc7800de960d4ce8900c461db4f060c9', '干燥洗涤冷凛仪器');
INSERT INTO `type` VALUES ('1beab701b2e746d9982f83826f3dc972', '其他');

-- ----------------------------
-- Table structure for `user`
-- ----------------------------
DROP TABLE IF EXISTS `user`;
CREATE TABLE `user` (
  `id` varchar(32) NOT NULL COMMENT '用户ID',
  `name` varchar(20) default NULL COMMENT '用户名',
  `password` varchar(20) default NULL COMMENT '密码',
  `roleId` varchar(32) default NULL COMMENT '角色ID',
  `description` varchar(200) default NULL COMMENT '描述信息',
  PRIMARY KEY  (`id`),
  KEY `roleId` (`roleId`)
) ENGINE=InnoDB DEFAULT CHARSET=utf8;

-- ----------------------------
-- Records of user
-- ----------------------------
INSERT INTO `user` VALUES ('1', 'admin', 'admin', '1', '1');
INSERT INTO `user` VALUES ('3f2468d7b8c24e1d97b33d1861213499', 'z1', 'z1', '511d52ad07a2447db7ed50f465e4253a', '');
INSERT INTO `user` VALUES ('a96059ef79c84d90a78503fcb8000754', 't1', 't1', 'adbae7490a234f64b3bce0e9ec3b8a57', '');
INSERT INTO `user` VALUES ('c7bd0d23e3684f789442d47b4deba683', 'z2', 'z2', 'cf102b4bba17469295d456cba408391c', '');
INSERT INTO `user` VALUES ('ce51494957814c98a85831ce1150ab49', 's1', 's1', 'd54d520b1d944e81a76f5c901926b63e', '');
INSERT INTO `user` VALUES ('e5493e9c1f6041948468b9916648ac30', 's2', 's2', 'd54d520b1d944e81a76f5c901926b63e', '');
